dataset,comp,unit,p1,p50,p99,min,max,n
_a0check,Fx,N,-46.8,-0.5,42.7,-58.7,58.5,2040
_a0check,Fy,N,-37.7,1.0,40.0,-41.5,82.0,2040
_a0check,Fz,N,-370.7,-164.5,45.3,-383.2,66.8,2040
_a0check,Tx,Nm,-28.8,-1.8,31.8,-31.4,34.5,2040
_a0check,Ty,Nm,-22.9,0.5,20.8,-30.1,26.0,2040
_a0check,Tz,Nm,-5.6,-0.0,5.8,-11.3,16.7,2040
a0_characterize,Fx,N,-79.0,0.3,72.2,-232.7,346.0,7200
a0_characterize,Fy,N,-74.4,0.8,73.6,-252.2,281.9,7200
a0_characterize,Fz,N,-479.1,-165.4,94.3,-1086.9,137.0,7200
a0_characterize,Tx,Nm,-33.7,0.9,34.2,-81.5,76.6,7200
a0_characterize,Ty,Nm,-26.2,0.7,25.9,-95.1,89.5,7200
a0_characterize,Tz,Nm,-6.7,-0.0,7.3,-34.9,29.7,7200
a1_eval,Fx,N,-139.0,-0.4,142.0,-495.6,545.0,7200
a1_eval,Fy,N,-140.1,0.6,139.9,-347.7,699.5,7200
a1_eval,Fz,N,-758.5,-160.3,252.5,-1379.8,431.5,7200
a1_eval,Tx,Nm,-72.4,2.2,74.5,-137.2,179.8,7200
a1_eval,Ty,Nm,-68.3,-1.5,69.2,-125.8,150.9,7200
a1_eval,Tz,Nm,-17.3,-0.1,18.3,-61.9,65.3,7200
a1b_1500,Fx,N,-221.9,0.1,199.4,-493.8,553.5,7200
a1b_1500,Fy,N,-223.9,1.2,179.8,-509.0,434.4,7200
a1b_1500,Fz,N,-899.6,-106.0,184.0,-1457.9,538.2,7200
a1b_1500,Tx,Nm,-91.3,1.1,89.7,-157.3,161.4,7200
a1b_1500,Ty,Nm,-94.5,0.5,102.1,-174.1,158.2,7200
a1b_1500,Tz,Nm,-24.0,-0.1,23.6,-88.2,53.0,7200
a1b_3000,Fx,N,-172.1,-0.5,166.2,-450.3,462.1,7200
a1b_3000,Fy,N,-158.5,-0.1,173.9,-369.2,442.2,7200
a1b_3000,Fz,N,-848.3,-152.6,172.6,-1201.9,399.8,7200
a1b_3000,Tx,Nm,-95.1,2.6,85.6,-135.8,159.2,7200
a1b_3000,Ty,Nm,-93.2,1.5,95.0,-155.4,143.6,7200
a1b_3000,Tz,Nm,-19.7,-0.2,24.1,-46.2,47.9,7200
a1b_eval,Fx,N,-135.4,-0.1,134.6,-438.5,497.6,7200
a1b_eval,Fy,N,-122.2,-0.5,129.5,-245.3,468.7,7200
a1b_eval,Fz,N,-760.5,-148.1,159.3,-1549.0,265.4,7200
a1b_eval,Tx,Nm,-76.9,0.5,79.6,-159.2,175.8,7200
a1b_eval,Ty,Nm,-84.5,-0.0,86.5,-178.7,161.5,7200
a1b_eval,Tz,Nm,-20.1,-0.1,21.6,-52.9,51.2,7200
b1_1500,Fx,N,-155.8,-0.2,151.1,-538.2,407.7,7200
b1_1500,Fy,N,-156.6,1.6,168.1,-455.8,409.5,7200
b1_1500,Fz,N,-698.0,-140.1,179.9,-1118.2,441.0,7200
b1_1500,Tx,Nm,-89.6,-1.6,105.9,-165.0,173.8,7200
b1_1500,Ty,Nm,-96.2,-0.5,100.9,-192.1,176.0,7200
b1_1500,Tz,Nm,-20.0,-0.1,22.4,-44.9,68.8,7200
b1_3000,Fx,N,-140.1,-0.2,148.9,-258.9,444.7,7200
b1_3000,Fy,N,-140.9,0.1,127.5,-421.4,447.1,7200
b1_3000,Fz,N,-660.3,-160.6,209.1,-1505.4,418.3,7200
b1_3000,Tx,Nm,-85.6,-0.4,88.1,-148.7,149.8,7200
b1_3000,Ty,Nm,-97.7,-0.2,100.8,-173.0,169.0,7200
b1_3000,Tz,Nm,-24.7,-0.0,20.4,-47.7,54.3,7200
b1w2_1500,Fx,N,-147.4,-0.5,144.1,-462.0,741.6,7200
b1w2_1500,Fy,N,-145.5,0.4,146.5,-453.9,449.9,7200
b1w2_1500,Fz,N,-515.1,-166.5,184.6,-1057.6,382.7,7200
b1w2_1500,Tx,Nm,-89.2,1.9,98.8,-154.9,197.1,7200
b1w2_1500,Ty,Nm,-97.7,-1.9,94.1,-187.3,159.5,7200
b1w2_1500,Tz,Nm,-19.2,-0.0,18.9,-45.5,55.5,7200
b1w2_3000,Fx,N,-126.5,3.1,153.4,-529.0,454.2,7200
b1w2_3000,Fy,N,-135.1,2.3,139.9,-433.5,444.2,7200
b1w2_3000,Fz,N,-602.3,-155.8,222.0,-1045.2,454.5,7200
b1w2_3000,Tx,Nm,-84.3,1.8,90.8,-178.8,200.0,7200
b1w2_3000,Ty,Nm,-95.8,2.3,85.9,-187.9,139.9,7200
b1w2_3000,Tz,Nm,-17.7,-0.0,17.7,-55.5,41.4,7200
b2_1500,Fx,N,-116.7,-0.8,118.2,-445.5,352.2,7200
b2_1500,Fy,N,-102.0,-0.7,110.8,-327.7,453.0,7200
b2_1500,Fz,N,-499.8,-166.7,174.4,-664.8,288.7,7200
b2_1500,Tx,Nm,-71.3,-0.6,70.1,-129.0,135.4,7200
b2_1500,Ty,Nm,-72.5,1.1,81.6,-126.3,176.2,7200
b2_1500,Tz,Nm,-17.2,0.0,17.9,-55.4,41.9,7200
b2_3000,Fx,N,-117.8,-0.9,122.9,-462.6,403.7,7200
b2_3000,Fy,N,-127.1,-2.5,122.6,-441.2,408.4,7200
b2_3000,Fz,N,-567.8,-163.1,194.2,-779.6,472.0,7200
b2_3000,Tx,Nm,-73.1,-0.4,70.3,-137.9,145.9,7200
b2_3000,Ty,Nm,-72.5,-1.2,73.1,-157.9,147.4,7200
b2_3000,Tz,Nm,-21.8,0.0,19.8,-43.5,46.9,7200
b3_12000,Fx,N,-69.3,0.4,69.5,-168.5,168.4,7200
b3_12000,Fy,N,-63.0,-1.1,66.3,-143.7,142.6,7200
b3_12000,Fz,N,-439.7,-175.3,130.5,-562.3,224.1,7200
b3_12000,Tx,Nm,-41.1,2.1,43.3,-117.3,107.7,7200
b3_12000,Ty,Nm,-43.6,-0.7,43.3,-100.9,103.5,7200
b3_12000,Tz,Nm,-8.1,-0.1,8.9,-20.0,21.9,7200
b3_1500,Fx,N,-90.8,-1.1,76.2,-427.9,266.6,7200
b3_1500,Fy,N,-87.1,-0.3,79.9,-437.7,456.7,7200
b3_1500,Fz,N,-647.1,-155.9,124.5,-857.6,180.8,7200
b3_1500,Tx,Nm,-67.3,-0.0,64.9,-135.3,123.8,7200
b3_1500,Ty,Nm,-67.1,-2.4,75.2,-109.9,127.0,7200
b3_1500,Tz,Nm,-14.1,0.0,13.3,-44.7,40.5,7200
b3_3000,Fx,N,-99.4,2.1,101.8,-380.8,459.4,7200
b3_3000,Fy,N,-105.0,-1.2,98.2,-427.0,423.2,7200
b3_3000,Fz,N,-569.6,-153.3,140.1,-936.6,323.3,7200
b3_3000,Tx,Nm,-81.7,0.6,65.1,-135.5,136.2,7200
b3_3000,Ty,Nm,-81.4,2.2,67.6,-136.8,139.8,7200
b3_3000,Tz,Nm,-13.0,0.1,12.5,-44.4,41.3,7200
b3_demo,Fx,N,-72.1,-0.7,68.9,-114.0,91.3,2640
b3_demo,Fy,N,-43.8,-1.1,60.1,-77.2,142.6,2640
b3_demo,Fz,N,-431.2,-186.8,118.7,-492.6,166.5,2640
b3_demo,Tx,Nm,-26.7,5.4,35.1,-57.6,51.0,2640
b3_demo,Ty,Nm,-38.7,-1.7,37.2,-100.9,103.5,2640
b3_demo,Tz,Nm,-7.6,-0.1,7.9,-17.6,17.1,2640
c1_6k,Fx,N,-101.8,0.5,97.5,-352.5,243.3,4800
c1_6k,Fy,N,-83.7,-1.0,91.9,-153.9,246.4,4800
c1_6k,Fz,N,-494.6,-177.2,149.0,-738.7,295.2,4800
c1_6k,Tx,Nm,-67.0,3.7,70.6,-136.4,116.9,4800
c1_6k,Ty,Nm,-70.4,0.7,75.2,-134.7,133.3,4800
c1_6k,Tz,Nm,-13.8,0.0,11.9,-30.4,25.0,4800
c1_demo,Fx,N,-82.0,0.9,79.0,-160.0,147.6,5100
c1_demo,Fy,N,-60.5,-1.3,80.8,-149.2,122.7,5100
c1_demo,Fz,N,-441.6,-173.4,135.7,-546.8,169.2,5100
c1_demo,Tx,Nm,-50.2,0.3,50.3,-100.9,82.8,5100
c1_demo,Ty,Nm,-54.4,3.6,54.2,-111.6,91.9,5100
c1_demo,Tz,Nm,-10.6,0.2,8.1,-24.1,19.2,5100
c1_final,Fx,N,-74.1,-0.4,73.9,-226.9,166.7,14400
c1_final,Fy,N,-73.9,-0.1,75.1,-204.1,171.4,14400
c1_final,Fz,N,-446.2,-183.9,139.2,-594.3,256.9,14400
c1_final,Tx,Nm,-53.1,0.4,55.0,-121.3,105.8,14400
c1_final,Ty,Nm,-48.9,-0.1,51.0,-134.0,108.8,14400
c1_final,Tz,Nm,-10.7,0.1,10.3,-26.5,27.0,14400
final_flat,Fx,N,-71.1,0.6,66.2,-200.6,138.1,14400
final_flat,Fy,N,-72.3,-0.6,76.0,-153.6,173.9,14400
final_flat,Fz,N,-451.9,-173.0,136.7,-563.4,208.3,14400
final_flat,Tx,Nm,-48.3,1.6,50.4,-118.8,114.3,14400
final_flat,Ty,Nm,-42.3,2.4,43.1,-101.8,95.5,14400
final_flat,Tz,Nm,-10.4,-0.0,10.3,-33.2,34.2,14400
final_rough,Fx,N,-112.2,0.3,112.2,-440.1,464.5,14400
final_rough,Fy,N,-119.9,0.1,120.3,-534.0,454.3,14400
final_rough,Fz,N,-549.5,-163.4,151.9,-935.9,605.9,14400
final_rough,Tx,Nm,-74.8,2.1,73.8,-177.7,171.2,14400
final_rough,Ty,Nm,-68.9,0.9,70.6,-256.6,193.2,14400
final_rough,Tz,Nm,-15.9,0.0,15.9,-71.5,79.6,14400
flat,Fx,N,-101.7,-0.8,107.2,-402.8,486.4,14400
flat,Fy,N,-97.6,-0.1,100.9,-477.0,397.3,14400
flat,Fz,N,-533.1,-163.3,103.2,-3003.0,368.4,14400
flat,Tx,Nm,-60.2,0.4,59.4,-271.7,150.3,14400
flat,Ty,Nm,-67.9,-1.8,67.4,-269.2,154.8,14400
flat,Tz,Nm,-11.6,0.0,11.4,-51.4,31.4,14400
knee220_demo,Fx,N,-62.3,0.8,58.6,-97.8,101.0,5100
knee220_demo,Fy,N,-74.2,0.7,63.3,-146.4,115.5,5100
knee220_demo,Fz,N,-477.3,-166.2,115.5,-809.6,147.2,5100
knee220_demo,Tx,Nm,-43.9,-0.3,46.6,-75.0,82.6,5100
knee220_demo,Ty,Nm,-34.2,0.3,37.3,-67.6,80.8,5100
knee220_demo,Tz,Nm,-7.0,-0.0,5.6,-15.4,12.8,5100
p1_flat_demo,Fx,N,-70.6,0.6,72.3,-144.8,170.6,5100
p1_flat_demo,Fy,N,-71.1,-1.1,82.1,-180.5,239.6,5100
p1_flat_demo,Fz,N,-527.6,-168.2,164.4,-741.8,283.8,5100
p1_flat_demo,Tx,Nm,-55.0,1.4,51.0,-97.1,101.6,5100
p1_flat_demo,Ty,Nm,-38.9,1.9,47.8,-86.5,86.0,5100
p1_flat_demo,Tz,Nm,-8.1,-0.1,7.7,-20.7,24.0,5100
p2_flat_demo,Fx,N,-69.7,1.3,66.6,-193.6,130.7,5100
p2_flat_demo,Fy,N,-72.1,-1.7,89.0,-117.2,148.0,5100
p2_flat_demo,Fz,N,-541.9,-168.2,161.4,-967.4,274.7,5100
p2_flat_demo,Tx,Nm,-56.1,1.3,54.6,-121.8,94.2,5100
p2_flat_demo,Ty,Nm,-44.2,0.7,45.2,-102.6,76.8,5100
p2_flat_demo,Tz,Nm,-8.1,-0.1,8.2,-19.9,21.7,5100
p2_long,Fx,N,-84.3,-0.8,87.5,-226.0,537.1,36000
p2_long,Fy,N,-86.2,-0.1,85.6,-258.8,247.0,36000
p2_long,Fz,N,-545.4,-169.6,164.7,-1994.2,316.3,36000
p2_long,Tx,Nm,-50.2,-0.0,51.5,-157.8,182.4,36000
p2_long,Ty,Nm,-53.3,-0.1,51.7,-167.9,118.9,36000
p2_long,Tz,Nm,-9.0,-0.0,9.4,-24.5,47.4,36000
r1_1500,Fx,N,-95.7,-0.7,90.7,-452.3,278.4,7200
r1_1500,Fy,N,-98.5,1.1,93.1,-412.8,260.7,7200
r1_1500,Fz,N,-666.1,-154.5,129.7,-1228.6,274.6,7200
r1_1500,Tx,Nm,-66.7,-0.4,74.4,-142.0,150.4,7200
r1_1500,Ty,Nm,-70.4,-1.8,68.3,-125.9,140.9,7200
r1_1500,Tz,Nm,-14.4,0.1,14.3,-45.8,40.2,7200
r1_3000,Fx,N,-111.6,-0.1,106.7,-338.0,227.2,7200
r1_3000,Fy,N,-104.2,-0.5,97.2,-353.9,455.3,7200
r1_3000,Fz,N,-642.9,-150.3,148.2,-1002.5,411.0,7200
r1_3000,Tx,Nm,-71.7,-1.2,73.1,-140.0,134.4,7200
r1_3000,Ty,Nm,-72.4,1.5,72.2,-144.5,131.5,7200
r1_3000,Tz,Nm,-15.3,-0.2,16.1,-38.2,46.6,7200
r1b_30k_rough,Fx,N,-99.3,-0.3,97.5,-317.0,209.8,10800
r1b_30k_rough,Fy,N,-98.8,0.4,102.6,-314.2,260.3,10800
r1b_30k_rough,Fz,N,-530.1,-168.7,169.5,-779.9,524.6,10800
r1b_30k_rough,Tx,Nm,-64.4,-1.1,64.3,-135.0,143.0,10800
r1b_30k_rough,Ty,Nm,-65.3,-0.9,65.8,-124.4,129.5,10800
r1b_30k_rough,Tz,Nm,-12.7,0.0,13.6,-44.2,51.1,10800
r1b_final_rough,Fx,N,-89.1,0.2,91.9,-296.8,434.6,10800
r1b_final_rough,Fy,N,-91.7,0.3,91.8,-217.7,319.4,10800
r1b_final_rough,Fz,N,-503.2,-171.6,150.5,-951.7,278.1,10800
r1b_final_rough,Tx,Nm,-54.6,0.0,56.9,-153.9,159.3,10800
r1b_final_rough,Ty,Nm,-58.4,-1.3,58.3,-139.9,143.7,10800
r1b_final_rough,Tz,Nm,-12.8,0.1,12.3,-36.7,42.1,10800
r1b_rough_demo,Fx,N,-83.1,0.0,90.0,-251.7,223.8,2400
r1b_rough_demo,Fy,N,-104.9,-0.4,95.9,-217.7,210.2,2400
r1b_rough_demo,Fz,N,-492.0,-167.3,149.9,-924.9,253.5,2400
r1b_rough_demo,Tx,Nm,-57.2,-1.0,63.4,-153.9,139.0,2400
r1b_rough_demo,Ty,Nm,-57.4,2.0,60.3,-139.9,143.7,2400
r1b_rough_demo,Tz,Nm,-13.9,0.1,15.7,-23.1,28.5,2400
r1b_wc_rough,Fx,N,-80.0,0.4,71.8,-176.7,200.9,10800
r1b_wc_rough,Fy,N,-72.3,-1.3,77.5,-141.9,150.8,10800
r1b_wc_rough,Fz,N,-460.2,-166.0,138.7,-656.8,324.8,10800
r1b_wc_rough,Tx,Nm,-51.9,1.1,56.0,-140.4,111.7,10800
r1b_wc_rough,Ty,Nm,-55.8,-1.6,52.7,-110.6,136.2,10800
r1b_wc_rough,Tz,Nm,-13.0,0.1,12.3,-33.7,26.9,10800
r2_rough_demo,Fx,N,-79.8,-0.8,86.9,-171.4,174.0,2400
r2_rough_demo,Fy,N,-83.3,0.3,82.8,-156.1,193.6,2400
r2_rough_demo,Fz,N,-501.8,-170.8,132.5,-693.6,169.2,2400
r2_rough_demo,Tx,Nm,-41.7,2.8,47.3,-85.2,91.2,2400
r2_rough_demo,Ty,Nm,-59.9,-1.6,57.7,-104.7,110.8,2400
r2_rough_demo,Tz,Nm,-11.8,-0.0,11.6,-27.3,29.0,2400
r2_rough_wc,Fx,N,-86.0,-0.2,82.8,-223.9,190.7,14400
r2_rough_wc,Fy,N,-88.0,0.1,82.4,-241.9,230.0,14400
r2_rough_wc,Fz,N,-501.3,-170.7,136.1,-706.9,253.4,14400
r2_rough_wc,Tx,Nm,-50.4,-0.5,50.7,-123.2,104.9,14400
r2_rough_wc,Ty,Nm,-56.6,0.1,55.0,-118.9,140.2,14400
r2_rough_wc,Tz,Nm,-10.9,-0.1,11.3,-51.9,32.1,14400
rough,Fx,N,-172.2,1.6,156.3,-603.5,1158.3,14400
rough,Fy,N,-157.9,0.3,156.4,-2462.8,1114.4,14400
rough,Fz,N,-699.0,-159.0,164.0,-2825.0,1657.6,14400
rough,Tx,Nm,-74.3,-0.0,77.8,-321.9,297.0,14400
rough,Ty,Nm,-71.9,1.7,75.5,-566.8,300.1,14400
rough,Tz,Nm,-20.8,0.0,18.3,-244.4,453.5,14400
v2_flat_demo,Fx,N,-99.3,0.8,72.2,-245.3,153.1,5100
v2_flat_demo,Fy,N,-82.0,0.7,94.9,-158.0,161.0,5100
v2_flat_demo,Fz,N,-444.0,-164.9,186.7,-629.5,285.3,5100
v2_flat_demo,Tx,Nm,-62.8,-1.6,61.2,-116.9,92.8,5100
v2_flat_demo,Ty,Nm,-48.8,3.5,49.6,-95.0,90.0,5100
v2_flat_demo,Tz,Nm,-11.5,0.0,11.1,-27.6,29.2,5100
v3_flat_demo,Fx,N,-79.2,0.1,84.4,-128.6,160.9,5100
v3_flat_demo,Fy,N,-72.6,-0.0,92.6,-123.2,188.7,5100
v3_flat_demo,Fz,N,-487.9,-168.7,184.5,-669.4,270.6,5100
v3_flat_demo,Tx,Nm,-44.9,2.4,48.0,-89.4,76.7,5100
v3_flat_demo,Ty,Nm,-51.7,-0.9,51.5,-94.5,96.0,5100
v3_flat_demo,Tz,Nm,-9.7,0.0,9.8,-20.6,23.8,5100
v4_flat_demo,Fx,N,-61.4,-0.2,61.2,-161.0,119.1,5100
v4_flat_demo,Fy,N,-60.4,-1.7,70.1,-162.1,189.8,5100
v4_flat_demo,Fz,N,-496.4,-173.3,99.4,-869.6,158.2,5100
v4_flat_demo,Tx,Nm,-40.9,0.3,43.0,-99.6,82.5,5100
v4_flat_demo,Ty,Nm,-41.6,-0.8,45.4,-68.9,84.0,5100
v4_flat_demo,Tz,Nm,-6.4,-0.1,6.2,-15.4,16.0,5100
worstcase_flat,Fx,N,-103.3,-0.1,98.5,-459.7,331.9,14400
worstcase_flat,Fy,N,-96.2,-1.2,102.2,-265.0,414.6,14400
worstcase_flat,Fz,N,-523.0,-163.9,111.1,-2562.3,365.8,14400
worstcase_flat,Tx,Nm,-53.4,1.5,53.7,-184.0,250.7,14400
worstcase_flat,Ty,Nm,-56.2,-1.5,58.1,-282.1,185.3,14400
worstcase_flat,Tz,Nm,-11.4,-0.0,11.4,-52.1,44.2,14400
worstcase_rough,Fx,N,-180.6,-0.7,175.8,-2116.0,2610.2,14400
worstcase_rough,Fy,N,-172.7,-0.8,179.1,-2587.6,2471.8,14400
worstcase_rough,Fz,N,-673.9,-154.3,170.0,-3564.3,2003.5,14400
worstcase_rough,Tx,Nm,-78.0,-0.4,79.4,-1176.3,1209.9,14400
worstcase_rough,Ty,Nm,-79.9,0.1,86.3,-552.5,993.1,14400
worstcase_rough,Tz,Nm,-29.9,-0.1,25.9,-742.3,819.9,14400
