L_hip_yaw_joint_cmd_deg,L_hip_yaw_joint_meas_deg,L_hip_yaw_joint_temp_c,L_knee_joint_cmd_deg,L_knee_joint_meas_deg,L_knee_joint_temp_c,t_s
0.0,34.17,36.0,60.0,140.96,3312.8,0.03
0.0,30.21,36.0,60.0,-154.92,3312.8,0.15
0.0,14.17,36.0,60.0,-26.3,855.2,0.27
0.0,-0.6,36.0,60.0,78.78,855.2,0.38
0.0,-4.27,36.0,60.0,147.62,855.2,0.51
0.0,-3.46,36.0,60.0,-168.9,855.2,0.62
0.0,-3.55,36.0,60.0,-132.33,855.2,0.73
0.0,-3.55,36.0,60.0,-123.18,855.2,0.85
0.0,-3.55,36.0,60.0,-122.79,855.2,1.0
0.0,-3.55,36.0,60.0,-122.79,855.2,1.13
0.0,-3.55,36.0,60.0,-122.79,855.2,1.24
0.0,-3.53,36.0,60.0,-122.79,855.2,1.36
0.0,-3.55,36.0,60.0,-122.79,855.2,1.51
0.0,-3.55,36.0,60.0,-122.79,855.2,1.63
0.0,-3.55,36.0,60.0,-122.79,855.2,1.78
0.0,-3.53,36.0,60.0,-122.79,855.2,1.92
0.0,-3.53,36.0,60.0,-122.79,855.2,2.03
0.0,-3.53,36.0,60.0,-122.79,855.2,2.16
0.0,-3.53,36.0,60.0,-122.79,855.2,2.28
0.0,-3.55,36.0,60.0,-122.79,855.2,2.42
0.0,-3.53,36.0,60.0,-122.79,855.2,2.54
0.0,-3.53,36.0,60.0,-122.79,855.2,2.65
0.0,-3.55,36.0,60.0,-122.79,855.2,2.77
0.0,-3.55,36.0,60.0,-122.79,855.2,2.9
0.0,-3.55,36.0,60.0,-122.79,855.2,3.03
0.0,-3.55,36.0,60.0,-122.79,855.2,3.16
0.0,-3.55,36.0,60.0,-122.79,855.2,3.27
0.0,-3.55,36.0,60.0,-122.79,855.2,3.4
0.0,-3.55,36.0,60.0,-122.79,855.2,3.52
0.0,-3.55,36.0,60.0,-122.79,855.2,3.64
0.0,-3.55,36.0,60.0,-122.79,855.2,3.78
0.0,-3.55,36.0,60.0,-122.79,855.2,3.9
0.0,-3.55,36.0,60.0,-122.79,855.2,4.04
0.0,-3.55,36.0,60.0,-122.79,855.2,4.17
0.0,-3.55,36.0,60.0,-122.79,855.2,4.31
0.0,-3.55,36.0,60.0,-122.79,855.2,4.47
0.0,-3.55,36.0,60.0,-122.79,855.2,4.57
0.0,-3.55,36.0,60.0,-122.79,855.2,4.7
0.0,-3.57,36.0,60.0,-122.79,855.2,4.83
0.0,-3.55,36.0,60.0,-122.79,855.2,4.96
0.0,-3.55,36.0,60.0,-122.79,855.2,5.11
0.0,-3.55,36.0,60.0,-122.79,855.2,5.25
0.0,-3.57,36.0,60.0,-122.79,855.2,5.37
0.0,-3.57,36.0,60.0,-122.79,855.2,5.52
0.0,-3.57,36.0,60.0,-122.79,855.2,5.65
0.0,-3.59,36.0,60.0,-122.79,855.2,5.79
0.0,-3.57,36.0,60.0,-122.79,855.2,5.92
0.0,-3.57,36.0,60.0,-122.79,855.2,6.05
0.0,-3.57,36.0,60.0,-122.79,855.2,6.17
0.0,-3.59,36.0,60.0,-122.79,855.2,6.3
0.0,-3.57,36.0,60.0,-122.79,855.2,6.43
0.0,-3.59,36.0,60.0,-122.79,855.2,6.57
0.0,-3.57,36.0,60.0,-122.79,855.2,6.7
0.0,-3.59,36.0,60.0,-122.79,855.2,6.81
0.0,-3.59,36.0,60.0,-122.79,855.2,6.96
0.0,-3.57,36.0,60.0,-122.79,855.2,7.1
0.0,-3.57,36.0,60.0,-122.79,855.2,7.25
0.0,-3.59,36.0,60.0,-122.79,855.2,7.36
0.0,-3.57,36.0,60.0,-122.79,855.2,7.5
0.0,-3.57,36.0,60.0,-122.79,855.2,7.62
0.0,-3.57,36.0,60.0,-122.79,855.2,7.75
0.0,-3.57,36.0,60.0,-122.79,855.2,7.88
0.0,-3.57,36.0,60.0,-122.79,855.2,7.99
0.0,-3.57,36.0,60.0,-122.79,855.2,8.13
0.0,-3.57,36.0,60.0,-122.79,855.2,8.26
0.0,-3.57,36.0,60.0,-122.79,855.2,8.38
0.0,-3.59,36.0,60.0,-122.79,855.2,8.49
0.0,-3.59,36.0,60.0,-122.79,855.2,8.62
0.0,-3.59,36.0,60.0,-122.79,855.2,8.75
0.0,-3.57,36.0,60.0,-122.79,855.2,8.88
0.0,-3.59,36.0,60.0,-122.79,855.2,9.02
0.0,-3.57,36.0,60.0,-122.79,855.2,9.13
0.0,-3.57,36.0,60.0,-122.79,855.2,9.24
0.0,-3.57,36.0,60.0,-122.79,855.2,9.35
0.0,-3.57,36.0,60.0,-122.79,855.2,9.46
0.0,-3.57,36.0,60.0,-122.79,855.2,9.58
0.0,-3.57,36.0,60.0,-122.79,855.2,9.7
0.0,-3.57,36.0,60.0,-122.79,855.2,9.82
0.0,-3.57,36.0,60.0,-122.79,855.2,9.94
0.0,-3.57,36.0,60.0,-122.79,855.2,10.07
0.0,-3.57,36.0,60.0,-122.79,855.2,10.19
0.0,-3.57,36.0,60.0,-122.79,855.2,10.3
0.0,-3.59,36.0,60.0,-122.79,855.2,10.43
0.0,-3.59,36.0,60.0,-122.79,855.2,10.55
0.0,-3.57,36.0,60.0,-122.79,855.2,10.68
0.0,-3.57,36.0,60.0,-122.79,855.2,10.81
0.0,-3.57,36.0,60.0,-122.79,855.2,10.94
0.0,-3.57,36.0,60.0,-122.79,855.2,11.05
0.0,-3.57,36.0,60.0,-122.79,855.2,11.17
0.0,-3.57,36.0,60.0,-122.79,855.2,11.28
0.0,-3.57,36.0,60.0,-122.79,855.2,11.39
0.0,-3.57,36.0,60.0,-122.79,855.2,11.51
0.0,-3.57,36.0,60.0,-122.79,855.2,11.63
0.0,-3.59,36.0,60.0,-122.79,855.2,11.74
0.0,-3.57,36.0,60.0,-122.79,855.2,11.86
0.0,-3.57,36.0,60.0,-122.79,855.2,11.99
0.0,-3.57,36.0,60.0,-122.79,855.2,12.12
0.0,-3.57,36.0,60.0,-122.79,855.2,12.24
0.0,-3.57,36.0,60.0,-122.79,855.2,12.36
0.0,-3.57,36.0,60.0,-122.79,855.2,12.49
0.0,-3.57,36.0,60.0,-122.79,855.2,12.63
0.0,-3.59,36.0,60.0,-122.79,855.2,12.75
0.0,-3.57,36.0,60.0,-122.79,855.2,12.88
0.0,-3.57,36.0,60.0,-122.79,855.2,13.0
0.0,-3.57,36.0,60.0,-122.79,855.2,13.12
0.0,-3.57,36.0,60.0,-122.79,855.2,13.25
0.0,-3.57,36.0,60.0,-122.79,855.2,13.37
0.0,-3.57,36.0,60.0,-122.79,855.2,13.47
0.0,-3.59,36.0,60.0,-122.79,855.2,13.58
0.0,-3.57,36.0,60.0,-122.79,855.2,13.73
0.0,-3.57,36.0,60.0,-122.79,855.2,13.84
0.0,-3.57,36.0,60.0,-122.79,855.2,13.96
0.0,-3.59,36.0,60.0,-122.79,855.2,14.09
0.0,-3.57,36.0,60.0,-122.79,855.2,14.21
0.0,-3.57,36.0,60.0,-122.79,855.2,14.33
0.0,-3.57,36.0,60.0,-122.79,855.2,14.45
0.0,-3.57,36.0,60.0,-122.79,855.2,14.57
0.0,-3.57,36.0,60.0,-122.79,855.2,14.7
0.0,-3.57,36.0,60.0,-122.79,855.2,14.81
0.0,-3.57,36.0,60.0,-122.79,855.2,14.95
1.43,-3.59,36.0,-117.79,-122.79,855.2,0.01
1.43,-3.57,36.0,-117.79,-122.79,855.2,0.12
1.43,-3.57,36.0,-117.79,-122.79,855.2,0.24
1.43,-3.57,36.0,-117.79,-122.79,855.2,0.36
1.43,-3.57,36.0,-117.79,-122.79,855.2,0.5
1.43,-3.57,36.0,-117.79,-122.79,855.2,0.62
1.43,-3.57,36.0,-117.79,-122.79,855.2,0.73
1.43,-3.57,36.0,-117.79,-122.79,855.2,0.85
1.43,-3.57,36.0,-117.79,-122.79,855.2,0.97
1.43,-3.57,36.0,-117.79,-122.79,855.2,1.09
1.43,-3.57,36.0,-117.79,-122.79,855.2,1.23
1.43,-3.57,36.0,-117.79,-122.79,855.2,1.35
1.43,-3.57,36.0,-117.79,-122.79,855.2,1.49
1.43,-3.57,36.0,-117.79,-122.79,855.2,1.61
1.43,-3.57,36.0,-117.79,-122.79,855.2,1.73
1.43,-3.57,36.0,-117.79,-122.79,855.2,1.84
1.43,-3.57,36.0,-117.79,-122.79,855.2,1.94
1.43,-3.57,36.0,-117.79,-122.79,855.2,2.05
1.43,-3.57,36.0,-117.79,-122.79,855.2,2.16
1.43,-3.57,36.0,-117.79,-122.79,855.2,2.26
1.43,-3.57,36.0,-117.79,-122.79,855.2,2.38
1.43,-3.57,36.0,-117.79,-122.79,855.2,2.51
1.43,-3.57,36.0,-117.79,-122.79,855.2,2.63
1.43,-3.57,36.0,-117.79,-122.79,855.2,2.74
1.43,-3.57,36.0,-117.79,-122.79,855.2,2.87
1.43,-3.57,36.0,-117.79,-122.79,855.2,3.0
1.43,-3.57,36.0,-117.79,-122.79,855.2,3.15
1.43,-3.57,36.0,-117.79,-122.79,855.2,3.26
1.43,-3.57,36.0,-117.79,-122.79,855.2,3.39
1.43,-3.57,36.0,-117.79,-122.79,855.2,3.51
1.43,-3.57,36.0,-117.79,-122.79,855.2,3.62
1.43,-3.57,36.0,-117.79,-122.79,855.2,3.73
1.43,-3.57,36.0,-117.79,-122.79,855.2,3.84
1.43,-3.57,36.0,-117.79,-122.79,855.2,3.96
1.43,-3.57,36.0,-117.79,-122.79,855.2,4.06
1.43,-3.57,36.0,-117.79,-122.79,855.2,4.17
1.43,-3.57,36.0,-117.79,-122.79,855.2,4.29
1.43,-3.57,36.0,-117.79,-122.79,855.2,4.42
1.43,-3.57,36.0,-117.79,-122.79,855.2,4.54
1.43,-3.57,36.0,-117.79,-122.79,855.2,4.65
1.43,-3.55,36.0,-117.79,-122.79,855.2,4.77
1.43,-3.57,36.0,-117.79,-122.79,855.2,4.88
1.43,-3.57,36.0,-117.79,-122.79,855.2,4.99
1.43,-3.55,36.0,-117.79,-122.79,855.2,5.11
1.43,-3.57,36.0,-117.79,-122.79,855.2,5.23
1.43,-3.55,36.0,-117.79,-122.79,855.2,5.34
1.43,-3.57,36.0,-117.79,-122.79,855.2,5.47
1.43,-3.57,36.0,-117.79,-122.79,855.2,5.58
1.43,-3.57,36.0,-117.79,-122.79,855.2,5.69
1.43,-3.55,36.0,-117.79,-122.79,855.2,5.8
1.43,-3.57,36.0,-117.79,-122.79,855.2,5.92
1.43,-3.57,36.0,-117.79,-122.79,855.2,6.03
1.43,-3.57,36.0,-117.79,-122.79,855.2,6.16
1.43,-3.57,36.0,-117.79,-122.79,855.2,6.27
1.43,-3.57,36.0,-117.79,-122.79,855.2,6.39
1.43,-3.57,36.0,-117.79,-122.79,855.2,6.51
1.43,-3.57,36.0,-117.79,-122.79,855.2,6.62
1.43,-3.55,36.0,-117.79,-122.79,855.2,6.74
1.43,-3.55,36.0,-117.79,-122.79,855.2,6.85
1.43,-3.57,36.0,-117.79,-122.79,855.2,6.96
1.43,-3.57,36.0,-117.79,-122.79,855.2,7.07
1.43,-3.55,36.0,-117.79,-122.79,855.2,7.19
1.43,-3.57,36.0,-117.79,-122.79,855.2,7.3
1.43,-3.57,36.0,-117.79,-122.79,855.2,7.41
1.43,-3.57,36.0,-117.79,-122.79,855.2,7.53
1.43,-3.57,36.0,-117.79,-122.79,855.2,7.64
1.43,-3.55,36.0,-117.79,-122.79,855.2,7.75
1.43,-3.57,36.0,-117.79,-122.79,855.2,7.87
1.43,-3.57,36.0,-117.79,-122.79,855.2,7.98
1.43,-3.57,36.0,-117.79,-122.79,855.2,8.09
1.43,-3.57,36.0,-117.79,-122.79,855.2,8.21
1.43,-3.57,36.0,-117.79,-122.79,855.2,8.33
1.43,-3.57,36.0,-117.79,-122.79,855.2,8.44
1.43,-3.57,36.0,-117.79,-122.79,855.2,8.56
1.43,-3.57,36.0,-117.79,-122.79,855.2,8.68
1.43,-3.57,36.0,-117.79,-122.79,855.2,8.8
1.43,-3.57,36.0,-117.79,-122.79,855.2,8.91
1.43,-3.57,36.0,-117.79,-122.79,855.2,9.03
1.43,-3.57,36.0,-117.79,-122.79,855.2,9.13
1.43,-3.57,36.0,-117.79,-122.79,855.2,9.25
1.43,-3.57,36.0,-117.79,-122.79,855.2,9.37
1.43,-3.57,36.0,-117.79,-122.79,855.2,9.47
1.43,-3.57,36.0,-117.79,-122.79,855.2,9.6
1.43,-3.57,36.0,-117.79,-122.79,855.2,9.72
1.43,-3.57,36.0,-117.79,-122.79,855.2,9.85
1.43,-3.57,36.0,-117.79,-122.79,855.2,9.97
1.43,-3.57,36.0,-117.79,-122.79,855.2,10.09
1.43,-3.57,36.0,-117.79,-122.79,855.2,10.21
1.43,-3.57,36.0,-117.79,-122.79,855.2,10.33
1.43,-3.57,36.0,-117.79,-122.79,855.2,10.44
1.43,-3.57,36.0,-117.79,-122.79,855.2,10.55
1.43,-3.57,36.0,-117.79,-122.79,855.2,10.66
1.43,-3.57,36.0,-117.79,-122.79,855.2,10.77
1.43,-3.57,36.0,-117.79,-122.79,855.2,10.89
1.43,-3.57,36.0,-117.79,-122.79,855.2,11.01
1.43,-3.57,36.0,-117.79,-122.79,855.2,11.12
1.43,-3.57,36.0,-117.79,-122.77,855.2,11.24
1.43,-3.57,36.0,-117.79,-122.79,855.2,11.36
1.43,-3.55,36.0,-117.79,-122.79,855.2,11.47
1.43,-3.57,36.0,-117.79,-122.79,855.2,11.58
1.43,-3.57,36.0,-117.79,-122.79,855.2,11.7
1.43,-3.55,36.0,-117.79,-122.79,855.2,11.82
1.43,-3.57,36.0,-117.79,-122.79,855.2,11.93
1.43,-3.55,36.0,-117.79,-122.79,855.2,12.05
1.43,-3.57,36.0,-117.79,-122.79,855.2,12.16
1.43,-3.57,36.0,-117.79,-122.79,855.2,12.27
1.43,-3.57,36.0,-117.79,-122.79,855.2,12.38
1.43,-3.55,36.0,-117.79,-122.79,855.2,12.5
1.43,-3.57,36.0,-117.79,-122.79,855.2,12.6
1.43,-3.57,36.0,-117.79,-122.79,855.2,12.72
1.43,-3.57,36.0,-117.79,-122.79,855.2,12.84
1.43,-3.55,36.0,-117.79,-122.79,855.2,12.95
1.43,-3.55,36.0,-117.79,-122.79,855.2,13.06
1.43,-3.55,36.0,-117.79,-122.79,855.2,13.17
1.43,-3.57,36.0,-117.79,-122.79,855.2,13.29
1.43,-3.57,36.0,-117.79,-122.79,855.2,13.41
1.43,-3.57,36.0,-117.79,-122.79,855.2,13.52
1.43,-3.57,36.0,-117.79,-122.79,855.2,13.65
1.43,-3.57,36.0,-117.79,-122.79,855.2,13.76
1.43,-3.57,36.0,-117.79,-122.79,855.2,13.87
1.43,-3.57,36.0,-117.79,-122.79,855.2,13.98
1.43,-3.57,36.0,-117.79,-122.79,855.2,14.09
1.43,-3.57,36.0,-117.79,-122.79,855.2,14.21
1.43,-3.57,36.0,-117.79,-122.79,855.2,14.32
1.43,-3.57,36.0,-117.79,-122.79,855.2,14.43
1.43,-3.57,36.0,-117.79,-122.79,855.2,14.55
1.43,-3.57,36.0,-117.79,-122.79,855.2,14.67
1.43,-3.57,36.0,-117.79,-122.79,855.2,14.78
1.43,-3.57,36.0,-117.79,-122.79,855.2,14.9
6.43,-3.57,36.0,-112.79,-122.79,855.2,0.01
6.43,-3.29,36.0,-112.79,-122.79,855.2,0.14
6.43,-3.15,36.0,-112.79,-122.79,855.2,0.27
6.43,-3.15,36.0,-112.79,-122.79,855.2,0.39
6.43,-3.07,36.0,-112.79,-122.79,855.2,0.52
6.43,-0.41,36.0,-112.79,-122.79,855.2,0.63
6.43,3.02,36.0,-112.79,-122.79,855.2,0.74
6.43,4.74,36.0,-112.79,-122.79,855.2,0.85
6.43,4.47,36.0,-112.79,-122.79,855.2,0.97
6.43,4.47,36.0,-112.79,-122.79,855.2,1.08
6.43,4.49,36.0,-112.79,-122.79,855.2,1.2
6.43,4.47,36.0,-112.79,-122.79,855.2,1.31
6.43,4.47,36.0,-112.79,-122.79,855.2,1.42
6.43,4.47,36.0,-112.79,-122.79,855.2,1.53
6.43,4.47,36.0,-112.79,-122.79,855.2,1.65
6.43,4.49,36.0,-112.79,-122.79,855.2,1.77
6.43,4.47,36.0,-112.79,-122.79,855.2,1.88
6.43,4.47,36.0,-112.79,-122.79,855.2,2.0
6.43,4.47,36.0,-112.79,-122.79,855.2,2.11
6.43,4.47,36.0,-112.79,-122.79,855.2,2.22
6.43,4.47,36.0,-112.79,-122.79,855.2,2.33
6.43,4.47,36.0,-112.79,-122.79,855.2,2.46
6.43,4.47,36.0,-112.79,-122.79,855.2,2.57
6.43,4.47,36.0,-112.79,-122.79,855.2,2.69
6.43,4.47,36.0,-112.79,-122.79,855.2,2.8
6.43,4.47,36.0,-112.79,-122.79,855.2,2.93
6.43,4.47,36.0,-112.79,-122.79,855.2,3.04
6.43,4.47,36.0,-112.79,-122.79,855.2,3.17
6.43,4.47,36.0,-112.79,-122.79,855.2,3.29
6.43,4.47,36.0,-112.79,-122.79,855.2,3.42
6.43,4.47,36.0,-112.79,-122.79,855.2,3.54
6.43,4.47,36.0,-112.79,-122.79,855.2,3.65
6.43,4.47,36.0,-112.79,-122.79,855.2,3.76
6.43,4.45,36.0,-112.79,-122.79,855.2,3.88
6.43,4.47,36.0,-112.79,-122.79,855.2,3.99
6.43,4.47,36.0,-112.79,-122.79,855.2,4.11
6.43,4.47,36.0,-112.79,-122.79,855.2,4.22
6.43,4.47,36.0,-112.79,-122.79,855.2,4.33
6.43,4.47,36.0,-112.79,-122.79,855.2,4.45
6.43,4.47,36.0,-112.79,-122.79,855.2,4.56
6.43,4.47,36.0,-112.79,-122.79,855.2,4.7
6.43,4.47,36.0,-112.79,-122.79,855.2,4.81
6.43,4.47,36.0,-112.79,-122.79,855.2,4.92
6.43,4.47,36.0,-112.79,-122.79,855.2,5.03
6.43,4.47,36.0,-112.79,-122.79,855.2,5.15
6.43,4.47,36.0,-112.79,-122.79,855.2,5.27
6.43,4.47,36.0,-112.79,-122.79,855.2,5.38
6.43,4.47,36.0,-112.79,-122.79,855.2,5.49
6.43,4.47,36.0,-112.79,-122.79,855.2,5.61
6.43,4.47,36.0,-112.79,-122.79,855.2,5.72
6.43,4.47,36.0,-112.79,-122.79,855.2,5.84
6.43,4.47,36.0,-112.79,-122.79,855.2,5.95
6.43,4.47,36.0,-112.79,-122.79,855.2,6.07
6.43,4.47,36.0,-112.79,-122.79,855.2,6.18
6.43,4.47,36.0,-112.79,-122.79,855.2,6.29
6.43,4.47,36.0,-112.79,-122.79,855.2,6.4
6.43,4.47,36.0,-112.79,-122.79,855.2,6.53
6.43,4.47,36.0,-112.79,-122.79,855.2,6.64
6.43,4.47,36.0,-112.79,-122.79,855.2,6.75
6.43,4.47,36.0,-112.79,-122.79,855.2,6.87
6.43,4.47,36.0,-112.79,-122.79,855.2,6.98
6.43,4.45,36.0,-112.79,-122.79,855.2,7.1
6.43,4.45,36.0,-112.79,-122.77,855.2,7.21
6.43,4.47,36.0,-112.79,-122.79,855.2,7.33
6.43,4.47,36.0,-112.79,-122.79,855.2,7.45
6.43,4.47,36.0,-112.79,-122.79,855.2,7.57
6.43,4.47,36.0,-112.79,-122.79,855.2,7.68
6.43,4.47,36.0,-112.79,-122.79,855.2,7.8
6.43,4.47,36.0,-112.79,-122.79,855.2,7.91
6.43,4.47,36.0,-112.79,-122.79,855.2,8.02
6.43,4.47,36.0,-112.79,-122.79,855.2,8.14
6.43,4.47,36.0,-112.79,-122.79,855.2,8.25
6.43,4.47,36.0,-112.79,-122.79,855.2,8.37
6.43,4.47,36.0,-112.79,-122.79,855.2,8.48
6.43,4.47,36.0,-112.79,-122.79,855.2,8.59
6.43,4.47,36.0,-112.79,-122.79,855.2,8.7
6.43,4.47,36.0,-112.79,-122.79,855.2,8.81
6.43,4.47,36.0,-112.79,-122.79,855.2,8.92
6.43,4.47,36.0,-112.79,-122.79,855.2,9.04
6.43,4.47,36.0,-112.79,-122.79,855.2,9.15
6.43,4.47,36.0,-112.79,-122.79,855.2,9.26
6.43,4.47,36.0,-112.79,-122.79,855.2,9.37
6.43,4.47,36.0,-112.79,-122.79,855.2,9.49
6.43,4.47,36.0,-112.79,-122.79,855.2,9.6
6.43,4.47,36.0,-112.79,-122.79,855.2,9.71
6.43,4.47,36.0,-112.79,-122.79,855.2,9.83
6.43,4.47,36.0,-112.79,-122.79,855.2,9.95
6.43,4.47,36.0,-112.79,-122.79,855.2,10.06
6.43,4.47,36.0,-112.79,-122.79,855.2,10.17
6.43,4.47,36.0,-112.79,-122.79,855.2,10.3
6.43,4.47,36.0,-112.79,-122.79,855.2,10.41
6.43,4.47,36.0,-112.79,-122.79,855.2,10.53
6.43,4.47,36.0,-112.79,-122.79,855.2,10.66
6.43,4.47,36.0,-112.79,-122.79,855.2,10.77
6.43,4.47,36.0,-112.79,-122.79,855.2,10.89
6.43,4.47,36.0,-112.79,-122.79,855.2,11.0
6.43,4.47,36.0,-112.79,-122.79,855.2,11.12
6.43,4.47,36.0,-112.79,-122.79,855.2,11.23
6.43,4.47,36.0,-112.79,-122.79,855.2,11.34
6.43,4.47,36.0,-112.79,-122.79,855.2,11.46
6.43,4.47,36.0,-112.79,-122.79,855.2,11.57
6.43,4.47,36.0,-112.79,-122.79,855.2,11.69
6.43,4.47,36.0,-112.79,-122.79,855.2,11.8
6.43,4.45,36.0,-112.79,-122.79,855.2,11.93
6.43,4.47,36.0,-112.79,-122.79,855.2,12.05
6.43,4.47,36.0,-112.79,-122.79,855.2,12.16
6.43,4.47,36.0,-112.79,-122.79,855.2,12.28
6.43,4.47,36.0,-112.79,-122.79,855.2,12.39
6.43,4.45,36.0,-112.79,-122.79,855.2,12.5
6.43,4.47,36.0,-112.79,-122.79,855.2,12.63
6.43,4.45,36.0,-112.79,-122.79,855.2,12.76
6.43,4.47,36.0,-112.79,-122.79,855.2,12.87
6.43,4.47,36.0,-112.79,-122.79,855.2,12.98
6.43,4.47,36.0,-112.79,-122.79,855.2,13.11
6.43,4.45,36.0,-112.79,-122.79,855.2,13.23
6.43,4.47,36.0,-112.79,-122.79,855.2,13.36
6.43,4.47,36.0,-112.79,-122.79,855.2,13.47
6.43,4.47,36.0,-112.79,-122.79,855.2,13.58
6.43,4.45,36.0,-112.79,-122.79,855.2,13.7
6.43,4.47,36.0,-112.79,-122.79,855.2,13.82
6.43,4.47,36.0,-112.79,-122.79,855.2,13.94
6.43,4.45,36.0,-112.79,-122.79,855.2,14.05
6.43,4.47,36.0,-112.79,-122.79,855.2,14.17
6.43,4.45,36.0,-112.79,-122.79,855.2,14.29
6.43,4.47,36.0,-112.79,-122.79,855.2,14.41
6.43,4.45,36.0,-112.79,-122.79,855.2,14.52
6.43,4.45,36.0,-112.79,-122.79,855.2,14.63
6.43,4.47,36.0,-112.79,-122.79,855.2,14.73
6.43,4.47,36.0,-112.79,-122.79,855.2,14.84
6.43,4.47,36.0,-112.79,-122.79,855.2,14.95
11.43,4.47,36.0,-107.79,-122.79,855.2,0.01
11.43,4.52,36.0,-107.79,-122.79,855.2,0.13
11.43,4.54,36.0,-107.79,-122.79,855.2,0.25
11.43,4.54,36.0,-107.79,-122.79,855.2,0.36
11.43,4.54,36.0,-107.79,-122.79,855.2,0.47
11.43,4.54,36.0,-107.79,-122.79,855.2,0.59
11.43,4.54,36.0,-107.79,-122.79,855.2,0.7
11.43,4.54,36.0,-107.79,-122.79,855.2,0.83
11.43,4.54,36.0,-107.79,-122.79,855.2,0.94
11.43,4.54,36.0,-107.79,-122.79,855.2,1.06
11.43,4.54,36.0,-107.79,-122.79,855.2,1.19
11.43,4.54,36.0,-107.79,-122.79,855.2,1.31
11.43,4.54,36.0,-107.79,-122.79,855.2,1.43
11.43,4.54,36.0,-107.79,-122.79,855.2,1.55
11.43,4.54,36.0,-107.79,-122.79,855.2,1.65
11.43,4.54,36.0,-107.79,-122.79,855.2,1.76
11.43,4.54,36.0,-107.79,-122.79,855.2,1.88
11.43,4.56,36.0,-107.79,-122.79,855.2,2.02
11.43,4.56,36.0,-107.79,-122.79,855.2,2.12
11.43,4.56,36.0,-107.79,-122.79,855.2,2.24
11.43,4.56,36.0,-107.79,-122.79,855.2,2.36
11.43,4.56,36.0,-107.79,-122.79,855.2,2.46
11.43,4.56,36.0,-107.79,-122.79,855.2,2.57
11.43,4.56,36.0,-107.79,-122.79,855.2,2.69
11.43,4.56,36.0,-107.79,-122.79,855.2,2.81
11.43,4.56,36.0,-107.79,-122.77,855.2,2.93
11.43,4.56,36.0,-107.79,-122.79,855.2,3.05
11.43,4.56,36.0,-107.79,-122.79,855.2,3.17
11.43,4.56,36.0,-107.79,-122.79,855.2,3.29
11.43,4.56,36.0,-107.79,-122.79,855.2,3.4
11.43,4.56,36.0,-107.79,-122.79,855.2,3.53
11.43,4.56,36.0,-107.79,-122.79,855.2,3.65
11.43,4.56,36.0,-107.79,-122.79,855.2,3.77
11.43,4.56,36.0,-107.79,-122.79,855.2,3.89
11.43,4.56,36.0,-107.79,-122.79,855.2,4.0
11.43,4.56,36.0,-107.79,-122.79,855.2,4.12
11.43,4.56,36.0,-107.79,-122.79,855.2,4.24
11.43,4.56,36.0,-107.79,-122.79,855.2,4.35
11.43,4.56,36.0,-107.79,-122.79,855.2,4.45
11.43,4.56,36.0,-107.79,-122.79,855.2,4.58
11.43,4.56,36.0,-107.79,-122.79,855.2,4.7
11.43,4.56,36.0,-107.79,-122.79,855.2,4.81
11.43,4.56,36.0,-107.79,-122.79,855.2,4.93
11.43,4.56,36.0,-107.79,-122.79,855.2,5.04
11.43,4.56,36.0,-107.79,-122.79,855.2,5.15
11.43,4.56,36.0,-107.79,-122.79,855.2,5.27
11.43,4.56,36.0,-107.79,-122.79,855.2,5.39
11.43,4.56,36.0,-107.79,-122.79,855.2,5.51
11.43,4.56,36.0,-107.79,-122.79,855.2,5.62
11.43,4.56,36.0,-107.79,-122.79,855.2,5.74
11.43,4.56,36.0,-107.79,-122.79,855.2,5.85
11.43,4.56,36.0,-107.79,-122.79,855.2,5.97
11.43,4.56,36.0,-107.79,-122.79,855.2,6.09
11.43,4.56,36.0,-107.79,-122.79,855.2,6.22
11.43,4.56,36.0,-107.79,-122.79,855.2,6.33
11.43,4.56,36.0,-107.79,-122.79,855.2,6.45
11.43,4.56,36.0,-107.79,-122.79,855.2,6.56
11.43,4.56,36.0,-107.79,-122.79,855.2,6.68
11.43,4.56,36.0,-107.79,-122.79,855.2,6.83
11.43,4.56,36.0,-107.79,-122.79,855.2,6.94
11.43,4.56,36.0,-107.79,-122.79,855.2,7.05
11.43,4.56,36.0,-107.79,-122.79,855.2,7.17
11.43,4.56,36.0,-107.79,-122.79,855.2,7.29
11.43,4.56,36.0,-107.79,-122.79,855.2,7.41
11.43,4.56,36.0,-107.79,-122.79,855.2,7.51
11.43,4.56,36.0,-107.79,-122.79,855.2,7.63
11.43,4.56,36.0,-107.79,-122.79,855.2,7.75
11.43,4.56,36.0,-107.79,-122.79,855.2,7.86
11.43,4.56,36.0,-107.79,-122.79,855.2,7.97
11.43,4.56,36.0,-107.79,-122.79,855.2,8.09
11.43,4.56,36.0,-107.79,-122.79,855.2,8.2
11.43,4.56,36.0,-107.79,-122.79,855.2,8.32
11.43,4.56,36.0,-107.79,-122.79,855.2,8.44
11.43,4.56,36.0,-107.79,-122.79,855.2,8.56
11.43,4.56,36.0,-107.79,-122.79,855.2,8.67
11.43,4.56,36.0,-107.79,-122.79,855.2,8.78
11.43,4.56,36.0,-107.79,-122.79,855.2,8.89
11.43,4.56,36.0,-107.79,-122.79,855.2,9.01
11.43,4.56,36.0,-107.79,-122.79,855.2,9.12
11.43,4.56,36.0,-107.79,-122.79,855.2,9.24
11.43,4.56,36.0,-107.79,-122.79,855.2,9.37
11.43,4.56,36.0,-107.79,-122.79,855.2,9.48
11.43,4.56,36.0,-107.79,-122.79,855.2,9.59
11.43,4.56,36.0,-107.79,-122.79,855.2,9.7
11.43,4.56,36.0,-107.79,-122.79,855.2,9.82
11.43,4.56,36.0,-107.79,-122.79,855.2,9.94
11.43,4.56,36.0,-107.79,-122.79,855.2,10.05
11.43,4.56,36.0,-107.79,-122.79,855.2,10.16
11.43,4.56,36.0,-107.79,-122.79,855.2,10.28
11.43,4.56,36.0,-107.79,-122.79,855.2,10.38
11.43,4.56,36.0,-107.79,-122.79,855.2,10.5
11.43,4.56,36.0,-107.79,-122.79,855.2,10.63
11.43,4.56,36.0,-107.79,-122.79,855.2,10.74
11.43,4.56,36.0,-107.79,-122.79,855.2,10.85
11.43,4.56,36.0,-107.79,-122.79,855.2,10.96
11.43,4.56,36.0,-107.79,-122.79,855.2,11.06
11.43,4.56,36.0,-107.79,-122.79,855.2,11.18
11.43,4.56,36.0,-107.79,-122.79,855.2,11.29
11.43,4.56,36.0,-107.79,-122.79,855.2,11.42
11.43,4.56,36.0,-107.79,-122.79,855.2,11.54
11.43,4.56,36.0,-107.79,-122.79,855.2,11.66
11.43,4.56,36.0,-107.79,-122.79,855.2,11.78
11.43,4.56,36.0,-107.79,-122.79,855.2,11.89
11.43,4.56,36.0,-107.79,-122.79,855.2,11.99
11.43,4.56,36.0,-107.79,-122.79,855.2,12.1
11.43,4.56,36.0,-107.79,-122.79,855.2,12.23
11.43,4.56,36.0,-107.79,-122.79,855.2,12.34
11.43,4.56,36.0,-107.79,-122.79,855.2,12.46
11.43,4.56,36.0,-107.79,-122.79,855.2,12.57
11.43,4.56,36.0,-107.79,-122.79,855.2,12.68
11.43,4.56,36.0,-107.79,-122.79,855.2,12.8
11.43,4.56,36.0,-107.79,-122.79,855.2,12.92
11.43,4.56,36.0,-107.79,-122.79,855.2,13.04
11.43,4.56,36.0,-107.79,-122.79,855.2,13.17
11.43,4.56,36.0,-107.79,-122.79,855.2,13.28
11.43,4.56,36.0,-107.79,-122.79,855.2,13.4
11.43,4.56,36.0,-107.79,-122.79,855.2,13.52
11.43,4.56,36.0,-107.79,-122.79,855.2,13.63
11.43,4.56,36.0,-107.79,-122.79,855.2,13.74
11.43,4.56,36.0,-107.79,-122.79,855.2,13.86
11.43,4.56,36.0,-107.79,-122.79,855.2,13.97
11.43,4.56,36.0,-107.79,-122.79,855.2,14.09
11.43,4.56,36.0,-107.79,-122.79,855.2,14.2
11.43,4.56,36.0,-107.79,-122.79,855.2,14.31
11.43,4.56,36.0,-107.79,-122.79,855.2,14.42
11.43,4.56,36.0,-107.79,-122.79,855.2,14.52
11.43,4.56,36.0,-107.79,-122.79,855.2,14.64
11.43,4.56,36.0,-107.79,-122.79,855.2,14.76
11.43,4.56,36.0,-107.79,-122.79,855.2,14.89
11.43,4.56,36.0,-107.79,-122.79,855.2,14.99
-8.57,4.56,36.0,-127.79,-122.79,855.2,0.01
-8.57,2.93,36.0,-127.79,-122.79,855.2,0.12
-8.57,-2.12,36.0,-127.79,-122.79,855.2,0.23
-8.57,-6.85,36.0,-127.79,-122.79,855.2,0.35
-8.57,-8.3,36.0,-127.79,-122.79,855.2,0.46
-8.57,-8.12,36.0,-127.79,-122.79,855.2,0.58
-8.57,-8.12,36.0,-127.79,-122.79,855.2,0.69
-8.57,-8.12,36.0,-127.79,-122.79,855.2,0.81
-8.57,-8.12,36.0,-127.79,-122.79,855.2,0.93
-8.57,-8.12,36.0,-127.79,-122.79,855.2,1.05
-8.57,-8.12,36.0,-127.79,-122.79,855.2,1.16
-8.57,-8.12,36.0,-127.79,-122.79,855.2,1.28
-8.57,-8.12,36.0,-127.79,-122.79,855.2,1.4
-8.57,-8.12,36.0,-127.79,-122.79,855.2,1.51
-8.57,-8.12,36.0,-127.79,-122.79,855.2,1.62
-8.57,-8.12,36.0,-127.79,-122.79,855.2,1.74
-8.57,-8.12,36.0,-127.79,-122.79,855.2,1.85
-8.57,-8.12,36.0,-127.79,-122.79,855.2,1.96
-8.57,-8.14,36.0,-127.79,-122.79,855.2,2.08
-8.57,-8.12,36.0,-127.79,-122.79,855.2,2.19
-8.57,-8.12,36.0,-127.79,-122.79,855.2,2.32
-8.57,-8.12,36.0,-127.79,-122.79,855.2,2.43
-8.57,-8.12,36.0,-127.79,-122.79,855.2,2.54
-8.57,-8.12,36.0,-127.79,-122.79,855.2,2.66
-8.57,-8.12,36.0,-127.79,-122.79,855.2,2.78
-8.57,-8.12,36.0,-127.79,-122.79,855.2,2.91
-8.57,-8.12,36.0,-127.79,-122.79,855.2,3.02
-8.57,-8.12,36.0,-127.79,-122.79,855.2,3.14
-8.57,-8.12,36.0,-127.79,-122.79,855.2,3.25
-8.57,-8.12,36.0,-127.79,-122.79,855.2,3.35
-8.57,-8.12,36.0,-127.79,-122.79,855.2,3.47
-8.57,-8.12,36.0,-127.79,-122.79,855.2,3.58
-8.57,-8.12,36.0,-127.79,-122.79,855.2,3.69
-8.57,-8.12,36.0,-127.79,-122.79,855.2,3.8
-8.57,-8.12,36.0,-127.79,-122.79,855.2,3.92
-8.57,-8.12,36.0,-127.79,-122.79,855.2,4.04
-8.57,-8.12,36.0,-127.79,-122.79,855.2,4.15
-8.57,-8.12,36.0,-127.79,-122.79,855.2,4.26
-8.57,-8.12,36.0,-127.79,-122.79,855.2,4.37
-8.57,-8.12,36.0,-127.79,-122.79,855.2,4.49
-8.57,-8.12,36.0,-127.79,-122.79,855.2,4.6
-8.57,-8.12,36.0,-127.79,-122.79,855.2,4.71
-8.57,-8.12,36.0,-127.79,-122.79,855.2,4.82
-8.57,-8.12,36.0,-127.79,-122.79,855.2,4.94
-8.57,-8.12,36.0,-127.79,-122.79,855.2,5.05
-8.57,-8.12,36.0,-127.79,-122.79,855.2,5.16
-8.57,-8.12,36.0,-127.79,-122.79,855.2,5.27
-8.57,-8.12,36.0,-127.79,-122.79,855.2,5.39
-8.57,-8.12,36.0,-127.79,-122.79,855.2,5.5
-8.57,-8.12,36.0,-127.79,-122.79,855.2,5.62
-8.57,-8.12,36.0,-127.79,-122.79,855.2,5.74
-8.57,-8.12,36.0,-127.79,-122.79,855.2,5.85
-8.57,-8.12,36.0,-127.79,-122.79,855.2,5.97
-8.57,-8.12,36.0,-127.79,-122.79,855.2,6.08
-8.57,-8.12,36.0,-127.79,-122.79,855.2,6.18
-8.57,-8.12,36.0,-127.79,-122.79,855.2,6.29
-8.57,-8.12,36.0,-127.79,-122.79,855.2,6.4
-8.57,-8.12,36.0,-127.79,-122.79,855.2,6.52
-8.57,-8.12,36.0,-127.79,-122.79,855.2,6.64
-8.57,-8.12,36.0,-127.79,-122.79,855.2,6.76
-8.57,-8.12,36.0,-127.79,-122.79,855.2,6.87
-8.57,-8.12,36.0,-127.79,-122.79,855.2,6.98
-8.57,-8.12,36.0,-127.79,-122.79,855.2,7.09
-8.57,-8.12,36.0,-127.79,-122.79,855.2,7.21
-8.57,-8.1,36.0,-127.79,-122.79,855.2,7.34
-8.57,-8.12,36.0,-127.79,-122.79,855.2,7.45
-8.57,-8.12,36.0,-127.79,-122.79,855.2,7.56
-8.57,-8.12,36.0,-127.79,-122.79,855.2,7.67
-8.57,-8.12,36.0,-127.79,-122.79,855.2,7.79
-8.57,-8.12,36.0,-127.79,-122.79,855.2,7.9
-8.57,-8.12,36.0,-127.79,-122.79,855.2,8.01
-8.57,-8.12,36.0,-127.79,-122.79,855.2,8.13
-8.57,-8.12,36.0,-127.79,-122.79,855.2,8.24
-8.57,-8.1,36.0,-127.79,-122.79,855.2,8.35
-8.57,-8.12,36.0,-127.79,-122.79,855.2,8.46
-8.57,-8.12,36.0,-127.79,-122.79,855.2,8.58
-8.57,-8.12,36.0,-127.79,-122.79,855.2,8.7
-8.57,-8.12,36.0,-127.79,-122.79,855.2,8.81
-8.57,-8.12,36.0,-127.79,-122.79,855.2,8.92
-8.57,-8.12,36.0,-127.79,-122.79,855.2,9.05
-8.57,-8.12,36.0,-127.79,-122.79,855.2,9.17
-8.57,-8.12,36.0,-127.79,-122.79,855.2,9.27
-8.57,-8.12,36.0,-127.79,-122.79,855.2,9.39
-8.57,-8.12,36.0,-127.79,-122.79,855.2,9.5
-8.57,-8.12,36.0,-127.79,-122.79,855.2,9.6
-8.57,-8.12,36.0,-127.79,-122.79,855.2,9.71
-8.57,-8.12,36.0,-127.79,-122.79,855.2,9.83
-8.57,-8.12,36.0,-127.79,-122.79,855.2,9.94
-8.57,-8.12,36.0,-127.79,-122.79,855.2,10.05
-8.57,-8.12,36.0,-127.79,-122.79,855.2,10.17
-8.57,-8.12,36.0,-127.79,-122.79,855.2,10.28
-8.57,-8.12,36.0,-127.79,-122.79,855.2,10.41
-8.57,-8.12,36.0,-127.79,-122.79,855.2,10.53
-8.57,-8.12,36.0,-127.79,-122.79,855.2,10.64
-8.57,-8.12,36.0,-127.79,-122.79,855.2,10.75
-8.57,-8.12,36.0,-127.79,-122.79,855.2,10.86
-8.57,-8.12,36.0,-127.79,-122.79,855.2,10.96
-8.57,-8.12,36.0,-127.79,-122.79,855.2,11.07
-8.57,-8.12,36.0,-127.79,-122.79,855.2,11.19
-8.57,-8.12,36.0,-127.79,-122.79,855.2,11.3
-8.57,-8.12,36.0,-127.79,-122.79,855.2,11.42
-8.57,-8.12,36.0,-127.79,-122.79,855.2,11.53
-8.57,-8.12,36.0,-127.79,-122.79,855.2,11.64
-8.57,-8.12,36.0,-127.79,-122.79,855.2,11.76
-8.57,-8.12,36.0,-127.79,-122.79,855.2,11.87
-8.57,-8.12,36.0,-127.79,-122.79,855.2,11.98
-8.57,-8.1,36.0,-127.79,-122.79,855.2,12.09
-8.57,-8.12,36.0,-127.79,-122.79,855.2,12.21
-8.57,-8.12,36.0,-127.79,-122.79,855.2,12.32
-8.57,-8.12,36.0,-127.79,-122.79,855.2,12.44
-8.57,-8.1,36.0,-127.79,-122.79,855.2,12.55
-8.57,-8.12,36.0,-127.79,-122.79,855.2,12.66
-8.57,-8.12,36.0,-127.79,-122.79,855.2,12.77
-8.57,-8.12,36.0,-127.79,-122.79,855.2,12.88
-8.57,-8.12,36.0,-127.79,-122.79,855.2,13.0
-8.57,-8.12,36.0,-127.79,-122.79,855.2,13.11
-8.57,-8.12,36.0,-127.79,-122.79,855.2,13.22
-8.57,-8.1,36.0,-127.79,-122.79,855.2,13.34
-8.57,-8.12,36.0,-127.79,-122.79,855.2,13.45
-8.57,-8.12,36.0,-127.79,-122.79,855.2,13.57
-8.57,-8.1,36.0,-127.79,-122.79,855.2,13.69
-8.57,-8.1,36.0,-127.79,-122.79,855.2,13.8
-8.57,-8.1,36.0,-127.79,-122.79,855.2,13.91
-8.57,-8.12,36.0,-127.79,-122.79,855.2,14.02
-8.57,-8.12,36.0,-127.79,-122.79,855.2,14.14
-8.57,-8.12,36.0,-127.79,-122.79,855.2,14.25
-8.57,-8.12,36.0,-127.79,-122.79,855.2,14.36
-8.57,-8.12,36.0,-127.79,-122.79,855.2,14.48
-8.57,-8.1,36.0,-127.79,-122.79,855.2,14.59
-8.57,-8.12,36.0,-127.79,-122.79,855.2,14.73
-8.57,-8.12,36.0,-127.79,-122.79,855.2,14.86
-8.57,-8.12,36.0,-127.79,-122.79,855.2,14.97
