t_s,knee_cmd_deg,knee_meas_deg,knee_temp_reported,hipyaw_meas_deg,hipyaw_temp_reported
0.0,100.0,141.4,853.2,35.05,34.0
0.18,108.22,141.4,853.2,35.05,34.0
0.3,112.21,141.4,853.2,35.05,34.0
0.41,114.45,141.4,853.2,35.05,34.0
0.53,114.94,141.4,853.2,35.05,34.0
0.64,113.49,141.4,853.2,35.05,34.0
0.75,110.53,141.4,853.2,35.05,34.0
0.87,106.06,141.4,853.2,35.05,34.0
0.99,100.65,141.4,853.2,35.02,34.0
1.1,95.55,141.4,853.2,35.05,34.0
1.21,90.97,141.4,853.2,35.05,34.0
1.32,87.44,141.4,853.2,35.05,34.0
1.42,85.46,141.4,853.2,35.05,34.0
1.54,85.09,141.4,853.2,35.05,34.0
1.65,86.56,141.4,853.2,35.05,34.0
1.75,89.44,141.4,853.2,35.02,34.0
1.86,93.47,141.4,853.2,35.05,34.0
1.97,98.47,141.4,853.2,35.02,34.0
2.08,103.72,141.4,853.2,35.05,34.0
2.19,108.41,141.4,853.2,35.05,34.0
2.3,112.01,141.4,853.2,35.05,34.0
2.4,114.31,141.4,853.2,35.05,34.0
2.51,115.0,141.4,853.2,35.05,34.0
2.62,113.99,141.4,853.2,35.05,34.0
2.72,111.51,141.4,853.2,35.05,34.0
2.83,107.64,141.4,853.2,35.02,34.0
2.93,103.08,141.4,853.2,35.05,34.0
3.04,98.09,141.4,853.2,35.05,34.0
3.16,92.88,141.4,853.2,35.05,34.0
3.26,88.93,141.4,853.2,35.02,34.0
3.38,86.1,141.4,853.2,35.05,34.0
3.48,85.03,141.4,853.2,35.05,34.0
3.59,85.63,141.4,853.2,35.05,34.0
3.7,87.78,141.4,853.2,35.05,34.0
3.81,91.47,141.4,853.2,35.05,34.0
3.91,95.95,141.4,853.2,35.05,34.0
4.02,100.97,141.4,853.2,35.05,34.0
4.13,106.03,141.4,853.2,35.05,34.0
4.24,110.32,141.4,853.2,35.02,34.0
4.36,113.56,141.4,853.2,35.05,34.0
4.47,114.92,141.4,853.2,35.05,34.0
4.58,114.58,141.4,853.2,35.02,34.0
4.68,112.6,141.4,853.2,35.05,34.0
4.79,109.04,141.4,853.2,35.05,34.0
4.9,104.73,141.4,853.2,35.05,34.0
5.01,99.58,141.4,853.2,35.05,34.0
5.11,94.81,141.4,853.2,35.05,34.0
5.22,90.38,141.4,853.2,35.05,34.0
5.34,86.84,141.4,853.2,35.05,34.0
5.45,85.21,141.4,853.2,35.05,34.0
5.56,85.23,141.4,853.2,35.05,34.0
5.67,86.99,141.4,853.2,35.05,34.0
5.78,90.58,141.4,853.2,35.05,34.0
5.89,94.86,141.4,853.2,35.05,34.0
6.0,100.1,141.4,853.2,35.05,34.0
6.11,105.2,141.43,853.2,35.05,34.0
6.23,109.79,141.4,853.2,35.05,34.0
6.33,113.0,141.4,853.2,35.05,34.0
6.44,114.75,141.4,853.2,35.05,34.0
6.56,114.78,141.4,853.2,35.02,34.0
6.66,113.1,141.4,853.2,35.05,34.0
6.77,110.03,141.4,853.2,35.05,34.0
6.87,105.75,141.4,853.2,35.02,34.0
6.99,100.65,141.4,853.2,35.05,34.0
7.1,95.54,141.4,853.2,35.05,34.0
7.21,90.96,141.4,853.2,35.05,34.0
7.31,87.55,141.4,853.2,35.05,34.0
7.42,85.53,141.4,853.2,35.05,34.0
7.52,85.04,141.4,853.2,35.05,34.0
7.63,86.27,141.4,853.2,35.05,34.0
7.74,89.15,141.4,853.2,35.05,34.0
7.86,93.43,141.4,853.2,35.02,34.0
7.97,98.81,141.4,853.2,35.05,34.0
8.08,103.77,141.4,853.2,35.05,34.0
8.19,108.52,141.4,853.2,35.05,34.0
8.31,112.4,141.4,853.2,35.02,34.0
8.41,114.46,141.4,853.2,35.05,34.0
8.53,114.95,141.4,853.2,35.05,34.0
8.64,113.5,141.4,853.2,35.05,34.0
8.75,110.74,141.4,853.2,35.02,34.0
8.85,106.73,141.4,853.2,35.05,34.0
8.97,101.37,141.4,853.2,35.05,34.0
9.08,96.45,141.4,853.2,35.05,34.0
9.19,91.43,141.4,853.2,35.05,34.0
9.3,87.78,141.4,853.2,35.05,34.0
9.41,85.59,141.4,853.2,35.05,34.0
9.52,85.04,141.4,853.2,35.05,34.0
9.63,86.24,141.4,853.2,35.05,34.0
9.74,89.21,141.4,853.2,35.05,34.0
9.85,93.28,141.4,853.2,35.05,34.0
9.96,98.32,141.4,853.2,35.02,34.0
10.07,103.3,141.4,853.2,35.02,34.0
10.18,108.0,141.4,853.2,35.05,34.0
10.3,112.13,141.4,853.2,35.05,34.0
10.41,114.36,141.4,853.2,35.05,34.0
10.52,114.98,141.4,853.2,35.05,34.0
10.62,113.86,141.4,853.2,35.05,34.0
10.73,111.2,141.4,853.2,35.05,34.0
10.84,107.33,141.4,853.2,35.05,34.0
10.94,102.69,141.4,853.2,35.05,34.0
11.05,97.81,141.4,853.2,35.05,34.0
11.16,92.7,141.4,853.2,35.05,34.0
11.28,88.55,141.4,853.2,35.05,34.0
11.39,85.94,141.4,853.2,35.05,34.0
11.51,85.01,141.4,853.2,35.02,34.0
11.63,86.16,141.4,853.2,35.05,34.0
11.73,88.86,141.4,853.2,35.02,34.0
11.85,93.23,141.4,853.2,35.02,34.0
11.96,98.09,141.4,853.2,35.05,34.0
12.06,102.98,141.4,853.2,35.05,34.0
12.17,107.79,141.4,853.2,35.02,34.0
12.28,111.56,141.4,853.2,35.02,34.0
12.4,114.28,141.4,853.2,35.05,34.0
12.51,114.99,141.4,853.2,35.05,34.0
12.62,113.86,141.4,853.2,35.05,34.0
12.73,111.3,141.4,853.2,35.02,34.0
12.84,107.11,141.4,853.2,35.02,34.0
12.95,102.51,141.4,853.2,35.05,34.0
13.06,97.18,141.4,853.2,35.05,34.0
13.16,92.61,141.4,853.2,35.05,34.0
13.27,88.6,141.4,853.2,35.05,34.0
13.38,86.03,141.4,853.2,35.05,34.0
13.5,85.0,141.4,853.2,35.05,34.0
13.61,85.9,141.4,853.2,35.02,34.0
13.72,88.35,141.4,853.2,35.02,34.0
13.82,92.15,141.4,853.2,35.05,34.0
13.94,97.26,141.4,853.2,35.05,34.0
14.05,102.15,141.4,853.2,35.05,34.0
14.16,107.34,141.4,853.2,35.02,34.0
14.28,111.47,141.4,853.2,35.02,34.0
14.39,114.08,141.4,853.2,35.05,34.0
14.49,115.0,141.4,853.2,35.05,34.0
14.6,114.31,141.4,853.2,35.05,34.0
14.71,111.89,141.4,853.2,35.05,34.0
14.82,107.97,141.4,853.2,35.05,34.0
14.95,102.27,141.4,853.2,35.02,34.0
15.06,97.18,141.4,853.2,35.05,34.0
15.17,92.51,141.4,853.2,35.05,34.0
15.27,88.7,141.4,853.2,35.05,34.0
15.38,86.06,141.4,853.2,35.05,34.0
15.49,85.01,141.4,853.2,35.02,34.0
15.59,85.62,141.4,853.2,35.05,34.0
15.7,87.77,141.4,853.2,35.05,34.0
15.81,91.51,141.4,853.2,35.02,34.0
15.92,96.36,141.4,853.2,35.02,34.0
16.03,101.55,141.4,853.2,35.05,34.0
16.14,106.53,141.4,853.2,35.05,34.0
16.26,110.94,141.4,853.2,35.05,34.0
16.37,113.72,141.4,853.2,35.05,34.0
16.49,114.99,141.4,853.2,35.05,34.0
16.61,114.05,141.4,853.2,35.05,34.0
16.73,111.23,141.4,853.2,35.05,34.0
16.85,106.77,141.4,853.2,35.05,34.0
16.96,101.67,141.4,853.2,35.05,34.0
17.07,96.6,141.4,853.2,35.05,34.0
17.18,91.96,141.4,853.2,35.05,34.0
17.3,87.92,141.4,853.2,35.05,34.0
17.41,85.61,141.4,853.2,35.05,34.0
17.52,85.03,141.4,853.2,35.05,34.0
17.63,86.25,141.4,853.2,35.05,34.0
17.76,89.81,141.4,853.2,35.05,34.0
17.87,93.97,141.4,853.2,35.05,34.0
17.99,99.37,141.4,853.2,35.05,34.0
18.1,104.69,141.4,853.2,35.02,34.0
18.21,109.27,141.4,853.2,35.05,34.0
18.32,112.69,141.4,853.2,35.05,34.0
18.44,114.73,141.4,853.2,35.05,34.0
18.55,114.84,141.4,853.2,35.05,34.0
18.65,113.29,141.4,853.2,35.05,34.0
18.76,110.27,141.4,853.2,35.05,34.0
18.87,105.97,141.4,853.2,35.05,34.0
18.98,100.84,141.4,853.2,35.05,34.0
19.1,95.37,141.4,853.2,35.05,34.0
19.22,90.45,141.4,853.2,35.05,34.0
19.33,87.2,141.4,853.2,35.05,34.0
19.43,85.32,141.4,853.2,35.05,34.0
19.54,85.12,141.4,853.2,35.05,34.0
19.65,86.65,141.4,853.2,35.05,34.0
19.77,89.94,141.4,853.2,35.02,34.0
19.88,94.45,141.4,853.2,35.02,34.0
19.99,99.56,141.4,853.2,35.05,34.0
20.1,104.68,141.4,853.2,35.05,34.0
20.21,109.01,141.4,853.2,35.05,34.0
20.33,112.88,141.4,853.2,35.05,34.0
20.44,114.73,141.4,853.2,35.02,34.0
20.55,114.84,141.4,853.2,35.05,34.0
20.66,113.15,141.4,853.2,35.05,34.0
20.77,109.88,141.4,853.2,35.02,34.0
20.88,105.5,141.4,853.2,35.02,34.0
21.02,99.27,141.4,853.2,35.05,34.0
21.12,94.42,141.4,853.2,35.02,34.0
21.25,89.54,141.4,853.2,35.05,34.0
21.37,86.3,141.4,853.2,35.05,34.0
21.48,85.04,141.4,853.2,35.05,34.0
21.58,85.52,141.4,853.2,35.05,34.0
21.71,88.02,141.4,853.2,35.05,34.0
21.81,91.67,141.4,853.2,35.05,34.0
21.94,97.18,141.4,853.2,35.05,34.0
22.05,102.34,141.4,853.2,35.05,34.0
22.16,107.06,141.4,853.2,35.05,34.0
22.27,111.15,141.4,853.2,35.05,34.0
22.39,114.12,141.4,853.2,35.05,34.0
22.5,115.0,141.4,853.2,35.05,34.0
22.62,113.97,141.4,853.2,35.02,34.0
22.74,110.94,141.4,853.2,35.05,34.0
22.86,106.36,141.4,853.2,35.05,34.0
22.97,101.35,141.4,853.2,35.05,34.0
23.09,95.98,141.4,853.2,35.02,34.0
23.2,91.37,141.4,853.2,35.05,34.0
23.31,87.63,141.38,853.2,35.05,34.0
23.42,85.46,141.4,853.2,35.05,34.0
23.53,85.08,141.4,853.2,35.05,34.0
23.64,86.38,141.4,853.2,35.05,34.0
23.74,89.15,141.4,853.2,35.05,34.0
23.86,93.75,141.4,853.2,35.05,34.0
23.97,98.78,141.4,853.2,35.05,34.0
24.08,103.88,141.4,853.2,35.05,34.0
24.2,108.65,141.4,853.2,35.05,34.0
24.31,112.5,141.4,853.2,35.05,34.0
24.42,114.55,141.4,853.2,35.05,34.0
24.55,114.79,141.4,853.2,35.05,34.0
24.66,113.16,141.4,853.2,35.05,34.0
24.77,109.98,141.4,853.2,35.05,34.0
24.87,105.79,141.4,853.2,35.02,34.0
24.98,101.06,141.4,853.2,35.05,34.0
25.1,95.15,141.4,853.2,35.05,34.0
25.24,89.68,141.4,853.2,35.05,34.0
25.35,86.62,141.4,853.2,35.05,34.0
25.47,85.09,141.4,853.2,35.05,34.0
25.57,85.37,141.4,853.2,35.05,34.0
25.69,87.51,141.4,853.2,35.05,34.0
25.8,91.16,141.4,853.2,35.05,34.0
25.92,96.12,141.4,853.2,35.05,34.0
26.03,101.52,141.4,853.2,35.05,34.0
26.15,106.89,141.4,853.2,35.05,34.0
26.27,111.31,141.4,853.2,35.02,34.0
26.38,113.97,141.4,853.2,35.05,34.0
26.49,115.0,141.4,853.2,35.05,34.0
26.6,114.27,141.4,853.2,35.02,34.0
26.71,111.75,141.4,853.2,35.05,34.0
26.85,107.01,141.4,853.2,35.05,34.0
26.96,101.79,141.4,853.2,35.02,34.0
27.07,96.78,141.4,853.2,35.05,34.0
27.2,91.09,141.4,853.2,35.05,34.0
27.31,87.53,141.4,853.2,35.05,34.0
27.42,85.46,141.4,853.2,35.05,34.0
27.54,85.1,141.4,853.2,35.05,34.0
27.65,86.74,141.4,853.2,35.02,34.0
27.78,90.29,141.4,853.2,35.02,34.0
27.89,94.72,141.4,853.2,35.05,34.0
28.0,100.03,141.4,853.2,35.02,34.0
28.11,105.06,141.4,853.2,35.05,34.0
28.22,109.64,141.4,853.2,35.05,34.0
28.33,113.01,141.4,853.2,35.02,34.0
28.44,114.75,141.4,853.2,35.02,34.0
28.55,114.82,141.4,853.2,35.02,34.0
28.67,112.87,141.4,853.2,35.05,34.0
28.78,109.6,141.4,853.2,35.05,34.0
28.88,105.43,141.4,853.2,35.05,34.0
28.99,100.24,141.4,853.2,35.05,34.0
29.11,95.12,141.4,853.2,35.02,34.0
29.22,90.61,141.4,853.2,35.05,34.0
29.33,87.07,141.4,853.2,35.05,34.0
29.44,85.28,141.4,853.2,35.05,34.0
29.56,85.27,141.4,853.2,35.05,34.0
29.67,87.11,141.4,853.2,35.05,34.0
29.79,90.64,141.4,853.2,35.05,34.0
29.91,95.62,141.4,853.2,35.05,34.0
30.02,101.17,141.4,853.2,35.05,34.0
30.13,106.1,141.4,853.2,35.05,34.0
30.24,110.22,141.4,853.2,35.05,34.0
30.35,113.3,141.4,853.2,35.05,34.0
30.46,114.88,141.4,853.2,35.05,34.0
30.57,114.65,141.4,853.2,35.05,34.0
30.68,112.62,141.4,853.2,35.05,34.0
30.8,108.93,141.4,853.2,35.05,34.0
30.91,104.16,141.4,853.2,35.05,34.0
31.02,99.26,141.4,853.2,35.05,34.0
31.12,94.31,141.4,853.2,35.05,34.0
31.23,90.03,141.4,853.2,35.02,34.0
31.34,86.84,141.4,853.2,35.05,34.0
31.45,85.22,141.4,853.2,35.05,34.0
31.56,85.31,141.4,853.2,35.05,34.0
31.67,87.11,141.4,853.2,35.05,34.0
31.78,90.57,141.4,853.2,35.05,34.0
31.9,95.26,141.4,853.2,35.05,34.0
32.0,100.07,141.4,853.2,35.05,34.0
32.11,105.21,141.4,853.2,35.05,34.0
32.23,110.09,141.4,853.2,35.05,34.0
32.36,113.63,141.4,853.2,35.05,34.0
32.47,114.94,141.4,853.2,35.05,34.0
32.58,114.57,141.4,853.2,35.05,34.0
32.71,111.88,141.4,853.2,35.05,34.0
32.81,108.33,141.4,853.2,35.05,34.0
32.92,103.9,141.4,853.2,35.05,34.0
33.03,98.69,141.4,853.2,35.05,34.0
33.15,93.24,141.4,853.2,35.05,34.0
33.26,89.14,141.4,853.2,35.05,34.0
33.37,86.19,141.4,853.2,35.05,34.0
33.49,85.01,141.4,853.2,35.02,34.0
33.6,85.71,141.4,853.2,35.05,34.0
33.71,88.14,141.4,853.2,35.05,34.0
33.81,91.71,141.4,853.2,35.05,34.0
33.93,96.91,141.4,853.2,35.05,34.0
34.05,102.17,141.4,853.2,35.05,34.0
34.16,107.08,141.4,853.2,35.02,34.0
34.28,111.55,141.4,853.2,35.05,34.0
34.39,114.14,141.4,853.2,35.05,34.0
34.5,115.0,141.4,853.2,35.02,34.0
34.61,114.12,141.4,853.2,35.05,34.0
34.72,111.6,141.4,853.2,35.05,34.0
34.83,107.73,141.4,853.2,35.02,34.0
34.95,102.42,141.4,853.2,35.05,34.0
35.07,96.69,141.4,853.2,35.05,34.0
35.19,91.71,141.4,853.2,35.05,34.0
35.29,88.12,141.4,853.2,35.05,34.0
35.42,85.51,141.4,853.2,35.05,34.0
35.53,85.08,141.4,853.2,35.05,34.0
35.65,86.58,141.4,853.2,35.05,34.0
35.77,90.08,141.4,853.2,35.05,34.0
35.88,94.57,141.4,853.2,35.05,34.0
35.99,99.41,141.4,853.2,35.05,34.0
36.11,105.11,141.4,853.2,35.05,34.0
36.23,109.95,141.4,853.2,35.05,34.0
36.35,113.34,141.4,853.2,35.05,34.0
36.46,114.91,141.4,853.2,35.05,34.0
36.57,114.6,141.4,853.2,35.05,34.0
36.68,112.7,141.4,853.2,35.02,34.0
36.79,109.36,141.4,853.2,35.05,34.0
36.91,104.34,141.4,853.2,35.05,34.0
37.02,98.86,141.4,853.2,35.05,34.0
37.13,94.02,141.4,853.2,35.05,34.0
37.24,89.71,141.4,853.2,35.05,34.0
37.35,86.7,141.4,853.2,35.05,34.0
37.48,85.04,141.4,853.2,35.05,34.0
37.6,85.68,141.4,853.2,35.05,34.0
37.71,88.2,141.4,853.2,35.05,34.0
37.83,92.24,141.4,853.2,35.05,34.0
37.94,97.14,141.4,853.2,35.05,34.0
38.05,102.29,141.4,853.2,35.05,34.0
38.16,107.08,141.4,853.2,35.05,34.0
38.27,111.23,141.4,853.2,35.02,34.0
38.39,114.07,141.4,853.2,35.05,34.0
38.51,114.99,141.4,853.2,35.05,34.0
38.63,113.85,141.4,853.2,35.05,34.0
38.73,111.23,141.4,853.2,35.05,34.0
38.84,107.13,141.4,853.2,35.05,34.0
38.95,102.35,141.4,853.2,35.05,34.0
39.06,97.15,141.4,853.2,35.05,34.0
39.18,92.1,141.4,853.2,35.05,34.0
39.29,88.25,141.4,853.2,35.02,34.0
39.41,85.65,141.4,853.2,35.05,34.0
39.52,85.02,141.4,853.2,35.05,34.0
39.63,86.26,141.4,853.2,35.05,34.0
39.74,89.08,141.4,853.2,35.05,34.0
39.85,93.18,141.4,853.2,35.05,34.0
39.97,98.38,141.4,853.2,35.05,34.0
40.09,104.35,141.4,853.2,35.05,34.0
40.21,109.02,141.4,853.2,35.05,34.0
40.32,112.54,141.4,853.2,35.05,34.0
40.43,114.65,141.4,853.2,35.05,34.0
40.54,114.9,141.4,853.2,35.05,34.0
40.64,113.48,141.4,853.2,35.05,34.0
40.76,110.38,141.4,853.2,35.02,34.0
40.87,106.16,141.4,853.2,35.05,34.0
40.97,101.23,141.4,853.2,35.05,34.0
41.1,95.47,141.4,853.2,35.05,34.0
41.21,90.7,141.4,853.2,35.05,34.0
41.32,87.25,141.4,853.2,35.05,34.0
41.43,85.4,141.4,853.2,35.05,34.0
41.54,85.1,141.4,853.2,35.05,34.0
41.64,86.53,141.4,853.2,35.05,34.0
41.76,89.66,141.4,853.2,35.05,34.0
41.86,93.8,141.4,853.2,35.05,34.0
41.98,99.21,141.4,853.2,35.05,34.0
42.1,104.85,141.4,853.2,35.05,34.0
42.21,109.33,141.4,853.2,35.02,34.0
42.33,112.82,141.4,853.2,35.05,34.0
42.44,114.71,141.4,853.2,35.02,34.0
42.56,114.77,141.4,853.2,35.05,34.0
42.67,112.87,141.4,853.2,35.05,34.0
42.79,109.38,141.4,853.2,35.05,34.0
42.9,104.83,141.4,853.2,35.05,34.0
43.01,99.72,141.4,853.2,35.05,34.0
43.12,94.3,141.4,853.2,35.05,34.0
43.24,89.65,141.4,853.2,35.02,34.0
43.35,86.6,141.4,853.2,35.02,34.0
43.46,85.1,141.4,853.2,35.05,34.0
43.58,85.43,141.4,853.2,35.05,34.0
43.68,87.39,141.4,853.2,35.05,34.0
43.8,91.09,141.4,853.2,35.05,34.0
43.92,96.25,141.4,853.2,35.05,34.0
44.05,102.13,141.4,853.2,35.05,34.0
44.17,107.61,141.4,853.2,35.05,34.0
44.28,111.55,141.4,853.2,35.05,34.0
44.4,114.22,141.4,853.2,35.05,34.0
44.51,114.99,141.4,853.2,35.05,34.0
44.63,113.74,141.4,853.2,35.02,34.0
44.74,110.84,141.4,853.2,35.05,34.0
44.85,106.91,141.4,853.2,35.05,34.0
44.98,100.77,141.4,853.2,35.05,34.0
45.09,95.65,141.4,853.2,35.02,34.0
45.21,90.64,141.4,853.2,35.05,34.0
45.32,87.23,141.4,853.2,35.05,34.0
45.45,85.17,141.4,853.2,35.05,34.0
45.57,85.38,141.4,853.2,35.05,34.0
45.69,87.61,141.4,853.2,35.05,34.0
45.81,91.4,141.4,853.2,35.05,34.0
45.91,95.98,141.4,853.2,35.05,34.0
46.02,100.94,141.4,853.2,35.05,34.0
46.13,105.79,141.4,853.2,35.05,34.0
46.23,110.03,141.4,853.2,35.02,34.0
46.34,113.11,141.4,853.2,35.05,34.0
46.45,114.84,141.4,853.2,35.05,34.0
46.57,114.62,141.4,853.2,35.05,34.0
46.68,112.6,141.4,853.2,35.05,34.0
46.8,108.96,141.4,853.2,35.05,34.0
46.9,104.52,141.4,853.2,35.02,34.0
47.02,99.08,141.4,853.2,35.05,34.0
47.13,93.85,141.4,853.2,35.05,34.0
47.25,89.32,141.4,853.2,35.02,34.0
47.36,86.47,141.4,853.2,35.02,34.0
47.47,85.06,141.4,853.2,35.05,34.0
47.6,85.72,141.4,853.2,35.02,34.0
47.72,88.4,141.4,853.2,35.05,34.0
47.83,92.53,141.4,853.2,35.02,34.0
47.95,97.86,141.4,853.2,35.05,34.0
48.06,102.93,141.4,853.2,35.05,34.0
48.18,108.06,141.4,853.2,35.05,34.0
48.3,112.04,141.4,853.2,35.05,34.0
48.41,114.44,141.4,853.2,35.05,34.0
48.53,114.94,141.4,853.2,35.05,34.0
48.66,113.1,141.4,853.2,35.05,34.0
48.77,109.77,141.4,853.2,35.05,34.0
48.89,105.23,141.4,853.2,35.05,34.0
49.0,100.07,141.4,853.2,35.05,34.0
49.12,94.31,141.4,853.2,35.02,34.0
49.23,90.11,141.4,853.2,35.02,34.0
49.36,86.38,141.4,853.2,35.05,34.0
49.47,85.06,141.4,853.2,35.05,34.0
49.59,85.55,141.4,853.2,35.05,34.0
49.69,87.61,141.4,853.2,35.05,34.0
49.8,91.36,141.4,853.2,35.02,34.0
49.92,96.46,141.4,853.2,35.05,34.0
50.04,101.83,141.4,853.2,35.05,34.0
50.15,106.75,141.4,853.2,35.05,34.0
50.26,111.06,141.4,853.2,35.05,34.0
50.37,113.85,141.4,853.2,35.05,34.0
50.48,114.97,141.4,853.2,35.05,34.0
50.59,114.4,141.4,853.2,35.05,34.0
50.71,111.95,141.4,853.2,35.05,34.0
50.81,108.25,141.4,853.2,35.05,34.0
50.92,103.6,141.4,853.2,35.02,34.0
51.03,98.67,141.4,853.2,35.05,34.0
51.14,93.76,141.4,853.2,35.05,34.0
51.26,89.11,141.4,853.2,35.05,34.0
51.37,86.16,141.4,853.2,35.05,34.0
51.49,85.02,141.4,853.2,35.05,34.0
51.59,85.6,141.4,853.2,35.05,34.0
51.71,88.04,141.4,853.2,35.05,34.0
51.82,92.14,141.4,853.2,35.05,34.0
51.93,96.82,141.4,853.2,35.05,34.0
52.04,102.03,141.4,853.2,35.02,34.0
52.16,107.03,141.4,853.2,35.05,34.0
52.28,111.54,141.4,853.2,35.05,34.0
52.39,114.04,141.4,853.2,35.05,34.0
52.49,115.0,141.4,853.2,35.05,34.0
52.6,114.25,141.4,853.2,35.05,34.0
52.71,111.9,141.4,853.2,35.02,34.0
52.83,107.7,141.4,853.2,35.05,34.0
52.94,102.69,141.4,853.2,35.05,34.0
53.07,96.77,141.4,853.2,35.05,34.0
53.18,91.81,141.4,853.2,35.05,34.0
53.3,87.82,141.4,853.2,35.05,34.0
53.41,85.54,141.4,853.2,35.05,34.0
53.55,85.15,141.4,853.2,35.05,34.0
53.65,86.74,141.4,853.2,35.05,34.0
53.77,90.13,141.4,853.2,35.05,34.0
53.88,94.56,141.4,853.2,35.05,34.0
53.99,99.41,141.4,853.2,35.05,34.0
54.1,104.83,141.4,853.2,35.02,34.0
54.23,109.88,141.4,853.2,35.05,34.0
54.34,113.23,141.43,853.2,35.05,34.0
54.45,114.81,141.4,853.2,35.05,34.0
54.56,114.77,141.4,853.2,35.05,34.0
54.67,112.87,141.4,853.2,35.02,34.0
54.79,109.04,141.4,853.2,35.05,34.0
54.91,104.15,141.4,853.2,35.02,34.0
55.02,99.27,141.4,853.2,35.05,34.0
55.12,94.46,141.4,853.2,35.05,34.0
55.23,90.25,141.4,853.2,35.05,34.0
55.35,86.73,141.4,853.2,35.05,34.0
55.46,85.09,141.4,853.2,35.02,34.0
55.57,85.41,141.4,853.2,35.05,34.0
55.68,87.31,141.4,853.2,35.02,34.0
55.78,90.53,141.4,853.2,35.05,34.0
55.89,95.13,141.43,853.2,35.05,34.0
56.01,100.42,141.4,853.2,35.05,34.0
56.14,106.3,141.4,853.2,35.05,34.0
56.26,110.79,141.4,853.2,35.02,34.0
56.37,113.77,141.4,853.2,35.05,34.0
56.48,114.97,141.4,853.2,35.05,34.0
56.59,114.4,141.4,853.2,35.05,34.0
56.7,112.12,141.4,853.2,35.05,34.0
56.82,108.13,141.4,853.2,35.05,34.0
56.94,102.94,141.4,853.2,35.05,34.0
57.06,97.38,141.4,853.2,35.05,34.0
57.17,92.38,141.4,853.2,35.02,34.0
57.3,87.79,141.4,853.2,35.05,34.0
57.41,85.61,141.4,853.2,35.05,34.0
57.53,85.09,141.4,853.2,35.05,34.0
57.65,86.73,141.4,853.2,35.05,34.0
57.76,89.79,141.4,853.2,35.05,34.0
57.88,94.55,141.4,853.2,35.05,34.0
58.0,99.98,141.4,853.2,35.05,34.0
58.12,105.69,141.4,853.2,35.05,34.0
58.24,110.43,141.4,853.2,35.05,34.0
58.35,113.4,141.4,853.2,35.05,34.0
58.46,114.88,141.4,853.2,35.05,34.0
58.57,114.62,141.4,853.2,35.05,34.0
58.68,112.64,141.4,853.2,35.05,34.0
58.79,109.03,141.4,853.2,35.05,34.0
58.91,104.38,141.4,853.2,35.05,34.0
59.03,98.8,141.4,853.2,35.05,34.0
59.13,93.85,141.4,853.2,35.05,34.0
59.26,88.98,141.4,853.2,35.05,34.0
59.38,86.12,141.4,853.2,35.05,34.0
59.48,85.02,141.4,853.2,35.05,34.0
59.6,85.67,141.4,853.2,35.05,34.0
59.7,87.91,141.4,853.2,35.05,34.0
59.81,91.73,141.4,853.2,35.05,34.0
59.93,96.91,141.4,853.2,35.05,34.0
60.05,102.26,141.4,853.2,35.05,34.0
60.16,107.12,141.4,853.2,35.05,34.0
60.27,111.33,141.4,853.2,35.05,34.0
60.38,113.98,141.4,853.2,35.05,34.0
60.49,114.99,141.4,853.2,35.05,34.0
60.6,114.19,141.4,853.2,35.05,34.0
60.71,111.76,141.4,853.2,35.05,34.0
60.82,108.05,141.4,853.2,35.02,34.0
60.93,103.25,141.4,853.2,35.02,34.0
61.04,98.19,141.4,853.2,35.05,34.0
61.16,92.96,141.4,853.2,35.05,34.0
61.27,88.7,141.4,853.2,35.05,34.0
61.39,85.94,141.4,853.2,35.05,34.0
61.5,85.0,141.4,853.2,35.05,34.0
61.61,85.86,141.4,853.2,35.05,34.0
61.72,88.32,141.4,853.2,35.05,34.0
61.82,92.05,141.4,853.2,35.05,34.0
61.94,97.11,141.4,853.2,35.05,34.0
62.04,102.05,141.4,853.2,35.05,34.0
62.16,107.11,141.4,853.2,35.05,34.0
62.28,111.49,141.4,853.2,35.05,34.0
62.4,114.23,141.4,853.2,35.02,34.0
62.51,115.0,141.43,853.2,35.05,34.0
62.63,113.81,141.4,853.2,35.05,34.0
62.73,111.17,141.4,853.2,35.05,34.0
62.84,107.33,141.4,853.2,35.05,34.0
62.95,102.39,141.4,853.2,35.05,34.0
63.06,97.19,141.4,853.2,35.05,34.0
63.17,92.5,141.4,853.2,35.05,34.0
63.27,88.68,141.4,853.2,35.02,34.0
63.38,86.1,141.4,853.2,35.05,34.0
63.5,85.0,141.4,853.2,35.05,34.0
63.62,86.04,141.4,853.2,35.05,34.0
63.73,88.67,141.4,853.2,35.05,34.0
63.84,92.64,141.4,853.2,35.05,34.0
63.96,98.25,141.4,853.2,35.05,34.0
64.08,103.61,141.4,853.2,35.02,34.0
64.19,108.53,141.4,853.2,35.02,34.0
64.3,112.05,141.4,853.2,35.05,34.0
64.42,114.51,141.4,853.2,35.05,34.0
64.53,114.92,141.4,853.2,35.05,34.0
64.64,113.6,141.4,853.2,35.05,34.0
64.75,110.64,141.4,853.2,35.05,34.0
64.87,105.85,141.4,853.2,35.02,34.0
64.99,100.54,141.4,853.2,35.05,34.0
65.1,95.48,141.4,853.2,35.05,34.0
65.21,90.73,141.4,853.2,35.05,34.0
65.33,87.16,141.4,853.2,35.05,34.0
65.45,85.16,141.4,853.2,35.05,34.0
65.56,85.26,141.4,853.2,35.05,34.0
65.66,86.97,141.4,853.2,35.05,34.0
65.78,90.34,141.4,853.2,35.05,34.0
65.88,94.64,141.4,853.2,35.05,34.0
66.0,99.82,141.4,853.2,35.05,34.0
66.11,104.88,141.4,853.2,35.05,34.0
66.21,109.22,141.4,853.2,35.05,34.0
66.33,112.91,141.4,853.2,35.02,34.0
66.45,114.79,141.4,853.2,35.02,34.0
66.57,114.66,141.4,853.2,35.05,34.0
66.67,112.87,141.4,853.2,35.05,34.0
66.79,109.31,141.4,853.2,35.05,34.0
66.9,104.73,141.4,853.2,35.05,34.0
67.01,99.62,141.4,853.2,35.05,34.0
67.11,94.74,141.4,853.2,35.05,34.0
67.22,90.35,141.4,853.2,35.05,34.0
67.33,87.06,141.4,853.2,35.05,34.0
67.44,85.26,141.4,853.2,35.05,34.0
67.56,85.3,141.4,853.2,35.05,34.0
67.68,87.24,141.4,853.2,35.02,34.0
67.78,90.55,141.4,853.2,35.05,34.0
67.9,95.21,141.4,853.2,35.05,34.0
68.02,100.85,141.4,853.2,35.05,34.0
68.12,105.72,141.4,853.2,35.02,34.0
68.24,110.26,141.4,853.2,35.05,34.0
68.36,113.48,141.4,853.2,35.02,34.0
68.48,114.97,141.4,853.2,35.05,34.0
68.59,114.36,141.4,853.2,35.05,34.0
68.72,111.61,141.4,853.2,35.05,34.0
68.83,107.7,141.4,853.2,35.05,34.0
68.94,102.76,141.4,853.2,35.05,34.0
69.06,97.39,141.4,853.2,35.05,34.0
69.17,92.54,141.4,853.2,35.05,34.0
69.29,88.1,141.4,853.2,35.05,34.0
69.4,85.69,141.4,853.2,35.05,34.0
69.52,85.02,141.4,853.2,35.05,34.0
69.62,86.04,141.4,853.2,35.05,34.0
69.73,88.73,141.4,853.2,35.05,34.0
69.83,92.52,141.4,853.2,35.05,34.0
69.95,97.63,141.4,853.2,35.05,34.0
70.06,102.89,141.4,853.2,35.05,34.0
70.17,107.83,141.4,853.2,35.05,34.0
70.28,111.66,141.4,853.2,35.05,34.0
70.4,114.19,141.4,853.2,35.05,34.0
70.51,115.0,141.4,853.2,35.05,34.0
70.63,113.72,141.4,853.2,35.05,34.0
70.75,110.59,141.4,853.2,35.05,34.0
70.86,106.53,141.4,853.2,35.05,34.0
70.97,101.53,141.4,853.2,35.05,34.0
71.08,96.23,141.4,853.2,35.02,34.0
71.2,91.3,141.4,853.2,35.05,34.0
71.3,87.83,141.4,853.2,35.05,34.0
71.41,85.57,141.4,853.2,35.05,34.0
71.52,85.03,141.4,853.2,35.05,34.0
71.65,86.6,141.4,853.2,35.05,34.0
71.76,89.72,141.4,853.2,35.05,34.0
71.88,94.33,141.4,853.2,35.05,34.0
71.98,99.23,141.4,853.2,35.05,34.0
72.1,104.66,141.4,853.2,35.05,34.0
72.21,109.15,141.4,853.2,35.05,34.0
72.33,112.84,141.4,853.2,35.05,34.0
72.44,114.75,141.4,853.2,35.02,34.0
72.55,114.79,141.4,853.2,35.05,34.0
72.69,112.29,141.4,853.2,35.05,34.0
72.8,108.79,141.4,853.2,35.05,34.0
72.91,104.22,141.4,853.2,35.05,34.0
73.04,98.11,141.4,853.2,35.05,34.0
73.15,93.36,141.4,853.2,35.02,34.0
73.25,89.38,141.4,853.2,35.05,34.0
73.37,86.2,141.4,853.2,35.05,34.0
73.49,85.0,141.4,853.2,35.05,34.0
73.6,85.79,141.4,853.2,35.05,34.0
73.71,88.06,141.4,853.2,35.05,34.0
73.81,91.65,141.4,853.2,35.02,34.0
73.92,96.18,141.4,853.2,35.05,34.0
74.03,101.6,141.4,853.2,35.05,34.0
74.15,106.92,141.4,853.2,35.02,34.0
74.26,110.98,141.4,853.2,35.05,34.0
74.38,113.87,141.4,853.2,35.05,34.0
74.49,115.0,141.4,853.2,35.05,34.0
74.61,114.17,141.4,853.2,35.05,34.0
74.72,111.63,141.4,853.2,35.05,34.0
74.83,107.78,141.4,853.2,35.05,34.0
74.94,102.96,141.4,853.2,35.05,34.0
75.05,97.7,141.4,853.2,35.05,34.0
75.16,92.79,141.4,853.2,35.05,34.0
75.27,88.75,141.4,853.2,35.05,34.0
75.39,85.87,141.4,853.2,35.05,34.0
75.5,85.0,141.4,853.2,35.05,34.0
75.62,85.98,141.4,853.2,35.05,34.0
75.73,88.6,141.4,853.2,35.05,34.0
75.84,92.76,141.4,853.2,35.05,34.0
75.95,97.85,141.4,853.2,35.05,34.0
76.06,102.82,141.4,853.2,35.05,34.0
76.17,107.5,141.4,853.2,35.05,34.0
76.28,111.56,141.4,853.2,35.02,34.0
76.41,114.34,141.4,853.2,35.05,34.0
76.53,114.94,141.4,853.2,35.05,34.0
76.63,113.72,141.4,853.2,35.02,34.0
76.76,110.31,141.4,853.2,35.05,34.0
76.88,105.53,141.4,853.2,35.05,34.0
76.99,100.35,141.4,853.2,35.05,34.0
77.11,94.99,141.4,853.2,35.05,34.0
77.22,90.58,141.4,853.2,35.05,34.0
77.34,86.91,141.4,853.2,35.05,34.0
77.45,85.18,141.4,853.2,35.02,34.0
77.56,85.24,141.4,853.2,35.05,34.0
77.68,87.4,141.4,853.2,35.05,34.0
77.8,91.18,141.4,853.2,35.05,34.0
77.91,95.85,141.4,853.2,35.05,34.0
78.02,100.83,141.4,853.2,35.05,34.0
78.14,106.41,141.4,853.2,35.05,34.0
78.25,110.69,141.4,853.2,35.05,34.0
78.36,113.57,141.4,853.2,35.05,34.0
78.48,114.98,141.4,853.2,35.05,34.0
78.6,114.3,141.4,853.2,35.05,34.0
78.71,111.84,141.4,853.2,35.05,34.0
78.82,107.97,141.4,853.2,35.05,34.0
78.93,103.11,141.4,853.2,35.05,34.0
79.04,97.95,141.4,853.2,35.05,34.0
79.15,93.19,141.4,853.2,35.05,34.0
79.27,88.86,141.4,853.2,35.05,34.0
79.39,85.86,141.4,853.2,35.05,34.0
79.51,85.01,141.4,853.2,35.05,34.0
79.62,86.0,141.4,853.2,35.02,34.0
79.73,88.83,141.4,853.2,35.05,34.0
79.85,93.01,141.4,853.2,35.05,34.0
79.95,97.75,141.4,853.2,35.05,34.0
80.06,102.94,141.4,853.2,35.05,34.0
80.18,108.11,141.4,853.2,35.05,34.0
80.3,112.18,141.4,853.2,35.05,34.0
80.42,114.47,141.4,853.2,35.05,34.0
80.53,114.92,141.4,853.2,35.05,34.0
80.65,113.37,141.4,853.2,35.05,34.0
80.76,110.38,141.4,853.2,35.05,34.0
80.87,105.88,141.4,853.2,35.05,34.0
80.99,100.62,141.4,853.2,35.05,34.0
81.09,95.64,141.4,853.2,35.05,34.0
81.2,91.12,141.4,853.2,35.05,34.0
81.34,86.77,141.4,853.2,35.05,34.0
81.46,85.1,141.4,853.2,35.05,34.0
81.57,85.4,141.4,853.2,35.05,34.0
81.71,88.02,141.4,853.2,35.05,34.0
81.82,91.78,141.4,853.2,35.05,34.0
81.93,96.89,141.4,853.2,35.05,34.0
82.05,102.19,141.4,853.2,35.05,34.0
82.16,107.11,141.4,853.2,35.05,34.0
82.27,111.27,141.4,853.2,35.05,34.0
82.38,113.92,141.4,853.2,35.05,34.0
82.49,115.0,141.4,853.2,35.02,34.0
82.61,114.09,141.4,853.2,35.05,34.0
82.73,111.32,141.4,853.2,35.05,34.0
82.83,107.51,141.4,853.2,35.05,34.0
82.94,102.92,141.4,853.2,35.05,34.0
83.04,98.02,141.4,853.2,35.05,34.0
83.16,92.87,141.4,853.2,35.05,34.0
83.27,88.78,141.4,853.2,35.05,34.0
83.39,85.86,141.4,853.2,35.05,34.0
83.51,85.0,141.4,853.2,35.05,34.0
83.62,86.0,141.4,853.2,35.02,34.0
83.74,88.93,141.4,853.2,35.05,34.0
83.85,93.0,141.4,853.2,35.02,34.0
83.96,98.18,141.4,853.2,35.05,34.0
84.07,103.37,141.4,853.2,35.05,34.0
84.18,107.94,141.4,853.2,35.05,34.0
84.29,111.89,141.4,853.2,35.05,34.0
84.41,114.43,141.4,853.2,35.05,34.0
84.53,114.95,141.4,853.2,35.05,34.0
84.64,113.48,141.4,853.2,35.05,34.0
84.76,110.32,141.4,853.2,35.05,34.0
84.86,106.31,141.4,853.2,35.05,34.0
84.98,100.86,141.4,853.2,35.05,34.0
85.1,95.43,141.4,853.2,35.05,34.0
85.21,90.82,141.4,853.2,35.05,34.0
85.32,87.25,141.4,853.2,35.05,34.0
85.44,85.26,141.4,853.2,35.02,34.0
85.56,85.23,141.4,853.2,35.05,34.0
85.66,86.94,141.4,853.2,35.05,34.0
85.77,90.23,141.4,853.2,35.05,34.0
85.88,94.52,141.4,853.2,35.05,34.0
85.99,99.58,141.4,853.2,35.05,34.0
86.11,105.0,141.4,853.2,35.05,34.0
86.22,109.58,141.4,853.2,35.05,34.0
86.34,113.05,141.4,853.2,35.05,34.0
86.45,114.84,141.4,853.2,35.05,34.0
86.56,114.72,141.43,853.2,35.05,34.0
86.67,112.89,141.4,853.2,35.05,34.0
86.79,109.2,141.4,853.2,35.05,34.0
86.9,104.45,141.4,853.2,35.05,34.0
87.01,99.41,141.4,853.2,35.05,34.0
87.13,94.24,141.4,853.2,35.05,34.0
87.24,89.72,141.4,853.2,35.02,34.0
87.35,86.62,141.4,853.2,35.05,34.0
87.47,85.07,141.4,853.2,35.05,34.0
87.58,85.45,141.4,853.2,35.05,34.0
87.7,87.92,141.4,853.2,35.05,34.0
87.81,91.61,141.4,853.2,35.05,34.0
87.94,97.36,141.4,853.2,35.02,34.0
88.06,102.94,141.4,853.2,35.02,34.0
88.17,107.7,141.4,853.2,35.05,34.0
88.29,111.95,141.4,853.2,35.05,34.0
88.41,114.37,141.4,853.2,35.05,34.0
88.53,114.92,141.4,853.2,35.05,34.0
88.64,113.49,141.4,853.2,35.05,34.0
88.75,110.61,141.4,853.2,35.05,34.0
88.86,106.38,141.4,853.2,35.05,34.0
88.98,101.09,141.4,853.2,35.05,34.0
89.1,95.43,141.4,853.2,35.02,34.0
89.22,90.49,141.4,853.2,35.05,34.0
89.34,86.88,141.4,853.2,35.05,34.0
89.46,85.13,141.4,853.2,35.05,34.0
89.57,85.36,141.4,853.2,35.05,34.0
89.68,87.22,141.4,853.2,35.05,34.0
89.81,91.48,141.4,853.2,35.05,34.0
89.93,96.55,141.4,853.2,35.05,34.0
90.05,102.19,141.4,853.2,35.05,34.0
90.16,107.16,141.4,853.2,35.05,34.0
90.28,111.41,141.4,853.2,35.05,34.0
90.39,114.09,141.4,853.2,35.05,34.0
90.5,115.0,141.4,853.2,35.02,34.0
90.62,113.91,141.4,853.2,35.05,34.0
90.73,111.14,141.4,853.2,35.02,34.0
90.84,107.19,141.4,853.2,35.05,34.0
90.95,102.39,141.4,853.2,35.05,34.0
91.05,97.48,141.4,853.2,35.05,34.0
91.17,92.33,141.4,853.2,35.05,34.0
91.29,88.15,141.4,853.2,35.05,34.0
91.4,85.8,141.4,853.2,35.05,34.0
91.51,85.0,141.4,853.2,35.02,34.0
91.62,86.09,141.4,853.2,35.05,34.0
91.74,89.19,141.4,853.2,35.05,34.0
91.85,93.27,141.4,853.2,35.05,34.0
91.96,98.15,141.4,853.2,35.05,34.0
92.07,103.44,141.4,853.2,35.05,34.0
92.19,108.26,141.4,853.2,35.05,34.0
92.31,112.37,141.4,853.2,35.05,34.0
92.42,114.55,141.4,853.2,35.05,34.0
92.53,114.94,141.4,853.2,35.05,34.0
92.63,113.7,141.4,853.2,35.05,34.0
92.75,110.57,141.4,853.2,35.05,34.0
92.86,106.52,141.4,853.2,35.05,34.0
92.97,101.51,141.4,853.2,35.05,34.0
93.08,96.33,141.4,853.2,35.05,34.0
93.19,91.51,141.4,853.2,35.05,34.0
93.3,87.91,141.4,853.2,35.02,34.0
93.41,85.55,141.4,853.2,35.05,34.0
93.53,85.08,141.4,853.2,35.05,34.0
93.64,86.47,141.4,853.2,35.05,34.0
93.76,89.61,141.4,853.2,35.05,34.0
93.89,94.77,141.4,853.2,35.05,34.0
94.0,100.13,141.4,853.2,35.05,34.0
94.12,105.47,141.4,853.2,35.05,34.0
94.23,109.87,141.4,853.2,35.05,34.0
94.34,113.16,141.4,853.2,35.05,34.0
94.45,114.84,141.4,853.2,35.05,34.0
94.57,114.67,141.4,853.2,35.05,34.0
94.68,112.72,141.4,853.2,35.05,34.0
94.78,109.43,141.4,853.2,35.05,34.0
94.89,104.92,141.4,853.2,35.05,34.0
95.0,99.83,141.4,853.2,35.05,34.0
95.11,94.72,141.4,853.2,35.05,34.0
95.23,89.95,141.4,853.2,35.05,34.0
95.36,86.52,141.4,853.2,35.05,34.0
95.46,85.1,141.4,853.2,35.05,34.0
95.57,85.39,141.4,853.2,35.05,34.0
95.68,87.26,141.4,853.2,35.05,34.0
95.8,91.21,141.4,853.2,35.05,34.0
95.92,96.1,141.4,853.2,35.05,34.0
96.03,101.51,141.4,853.2,35.05,34.0
96.14,106.58,141.4,853.2,35.05,34.0
96.27,111.13,141.4,853.2,35.05,34.0
96.38,113.89,141.4,853.2,35.05,34.0
96.5,115.0,141.4,853.2,35.05,34.0
96.61,114.1,141.4,853.2,35.05,34.0
96.72,111.53,141.4,853.2,35.05,34.0
96.83,107.64,141.4,853.2,35.05,34.0
96.94,102.95,141.4,853.2,35.05,34.0
97.05,97.48,141.4,853.2,35.05,34.0
97.17,92.47,141.4,853.2,35.05,34.0
97.28,88.52,141.4,853.2,35.05,34.0
97.38,86.01,141.4,853.2,35.05,34.0
97.49,85.01,141.4,853.2,35.05,34.0
97.59,85.66,141.4,853.2,35.02,34.0
97.71,88.14,141.4,853.2,35.05,34.0
97.81,91.71,141.4,853.2,35.02,34.0
97.92,96.36,141.4,853.2,35.05,34.0
98.03,101.44,141.4,853.2,35.05,34.0
98.14,106.34,141.4,853.2,35.05,34.0
98.25,110.6,141.4,853.2,35.05,34.0
98.36,113.55,141.4,853.2,35.05,34.0
98.47,114.92,141.4,853.2,35.05,34.0
98.58,114.54,141.43,853.2,35.02,34.0
98.7,112.1,141.4,853.2,35.02,34.0
98.81,108.56,141.4,853.2,35.05,34.0
98.92,103.68,141.4,853.2,35.02,34.0
99.04,98.15,141.4,853.2,35.05,34.0
99.15,93.4,141.4,853.2,35.05,34.0
99.26,89.17,141.4,853.2,35.05,34.0
99.36,86.38,141.4,853.2,35.05,34.0
99.47,85.07,141.4,853.2,35.05,34.0
99.6,85.7,141.4,853.2,35.05,34.0
99.71,88.22,141.4,853.2,35.05,34.0
99.83,92.22,141.4,853.2,35.05,34.0
99.94,97.11,141.4,853.2,35.02,34.0
100.05,102.54,141.4,853.2,35.05,34.0
100.17,107.63,141.4,853.2,35.05,34.0
100.28,111.57,141.4,853.2,35.02,34.0
100.39,114.06,141.4,853.2,35.05,34.0
100.5,115.0,141.4,853.2,35.05,34.0
100.61,114.16,141.4,853.2,35.05,34.0
100.73,111.2,141.4,853.2,35.05,34.0
100.84,107.1,141.4,853.2,35.05,34.0
100.95,102.17,141.4,853.2,35.05,34.0
101.08,96.33,141.4,853.2,35.02,34.0
101.19,91.55,141.4,853.2,35.02,34.0
101.3,87.89,141.4,853.2,35.02,34.0
101.41,85.66,141.4,853.2,35.05,34.0
101.51,85.02,141.4,853.2,35.05,34.0
101.63,86.21,141.4,853.2,35.05,34.0
101.74,88.96,141.4,853.2,35.05,34.0
101.84,92.86,141.4,853.2,35.05,34.0
101.97,98.36,141.4,853.2,35.05,34.0
102.07,103.39,141.4,853.2,35.02,34.0
102.18,107.89,141.4,853.2,35.05,34.0
102.28,111.66,141.4,853.2,35.05,34.0
102.4,114.23,141.4,853.2,35.05,34.0
102.51,114.99,141.4,853.2,35.05,34.0
102.63,113.82,141.4,853.2,35.05,34.0
102.73,111.11,141.4,853.2,35.05,34.0
102.84,107.21,141.4,853.2,35.05,34.0
102.95,102.17,141.4,853.2,35.02,34.0
103.06,96.98,141.4,853.2,35.05,34.0
103.17,92.4,141.4,853.2,35.05,34.0
103.28,88.45,141.4,853.2,35.05,34.0
103.39,85.91,141.4,853.2,35.05,34.0
103.5,85.0,141.4,853.2,35.05,34.0
103.6,85.81,141.4,853.2,35.02,34.0
103.71,88.19,141.4,853.2,35.05,34.0
103.82,91.93,141.4,853.2,35.05,34.0
103.93,96.57,141.4,853.2,35.05,34.0
104.04,101.94,141.4,853.2,35.05,34.0
104.15,106.75,141.4,853.2,35.05,34.0
104.26,110.79,141.4,853.2,35.05,34.0
104.37,113.74,141.4,853.2,35.05,34.0
104.49,114.99,141.4,853.2,35.02,34.0
104.6,114.32,141.4,853.2,35.05,34.0
104.7,112.13,141.4,853.2,35.05,34.0
104.81,108.6,141.4,853.2,35.05,34.0
104.91,104.16,141.4,853.2,35.05,34.0
105.02,99.03,141.4,853.2,35.05,34.0
105.13,93.96,141.4,853.2,35.05,34.0
105.24,89.64,141.4,853.2,35.05,34.0
105.36,86.42,141.4,853.2,35.05,34.0
105.47,85.07,141.4,853.2,35.05,34.0
105.57,85.39,141.4,853.2,35.02,34.0
105.68,87.26,141.4,853.2,35.05,34.0
105.79,90.87,141.4,853.2,35.05,34.0
105.9,95.34,141.4,853.2,35.05,34.0
106.01,100.56,141.4,853.2,35.02,34.0
106.12,105.73,141.4,853.2,35.05,34.0
106.23,110.05,141.4,853.2,35.05,34.0
106.34,113.19,141.4,853.2,35.05,34.0
106.45,114.85,141.4,853.2,35.05,34.0
106.56,114.72,141.4,853.2,35.05,34.0
106.67,112.87,141.4,853.2,35.05,34.0
106.78,109.49,141.4,853.2,35.05,34.0
106.89,105.23,141.4,853.2,35.05,34.0
107.0,99.99,141.4,853.2,35.02,34.0
107.11,95.0,141.4,853.2,35.05,34.0
107.21,90.71,141.4,853.2,35.02,34.0
107.32,87.42,141.4,853.2,35.05,34.0
107.43,85.41,141.4,853.2,35.05,34.0
107.55,85.2,141.4,853.2,35.05,34.0
107.66,86.85,141.4,853.2,35.05,34.0
107.77,90.14,141.4,853.2,35.05,34.0
107.88,94.45,141.4,853.2,35.02,34.0
107.99,99.45,141.4,853.2,35.02,34.0
108.1,104.53,141.4,853.2,35.05,34.0
108.21,109.33,141.4,853.2,35.05,34.0
108.32,112.69,141.4,853.2,35.05,34.0
108.43,114.67,141.4,853.2,35.05,34.0
108.54,114.88,141.4,853.2,35.05,34.0
108.65,113.35,141.4,853.2,35.05,34.0
108.76,110.25,141.4,853.2,35.05,34.0
108.87,106.1,141.4,853.2,35.05,34.0
108.97,101.24,141.4,853.2,35.05,34.0
109.08,96.06,141.4,853.2,35.05,34.0
109.2,91.27,141.4,853.2,35.05,34.0
109.31,87.68,141.4,853.2,35.02,34.0
109.42,85.48,141.4,853.2,35.05,34.0
109.53,85.08,141.4,853.2,35.05,34.0
109.64,86.4,141.4,853.2,35.05,34.0
109.75,89.34,141.4,853.2,35.05,34.0
109.85,93.33,141.4,853.2,35.05,34.0
109.97,98.52,141.4,853.2,35.05,34.0
110.08,103.77,141.4,853.2,35.05,34.0
110.19,108.24,141.4,853.2,35.05,34.0
110.29,111.98,141.4,853.2,35.02,34.0
110.4,114.26,141.4,853.2,35.05,34.0
110.51,114.99,141.4,853.2,35.05,34.0
110.63,113.79,141.4,853.2,35.05,34.0
110.73,111.19,141.4,853.2,35.05,34.0
110.84,107.28,141.4,853.2,35.02,34.0
110.95,102.47,141.4,853.2,35.05,34.0
111.06,97.14,141.4,853.2,35.05,34.0
111.17,92.26,141.4,853.2,35.05,34.0
111.29,88.27,141.4,853.2,35.05,34.0
111.39,85.83,141.4,853.2,35.05,34.0
111.5,85.0,141.4,853.2,35.05,34.0
111.61,85.96,141.4,853.2,35.05,34.0
111.72,88.52,141.4,853.2,35.05,34.0
111.83,92.45,141.4,853.2,35.05,34.0
111.94,97.2,141.4,853.2,35.05,34.0
112.06,102.7,141.4,853.2,35.05,34.0
112.16,107.33,141.4,853.2,35.05,34.0
112.27,111.27,141.4,853.2,35.05,34.0
112.38,113.89,141.4,853.2,35.05,34.0
112.49,115.0,141.4,853.2,35.02,34.0
112.6,114.24,141.4,853.2,35.05,34.0
112.71,111.84,141.4,853.2,35.05,34.0
112.82,107.99,141.4,853.2,35.05,34.0
112.93,103.44,141.4,853.2,35.05,34.0
113.03,98.51,141.4,853.2,35.05,34.0
113.14,93.74,141.4,853.2,35.05,34.0
113.25,89.29,141.4,853.2,35.05,34.0
113.36,86.43,141.4,853.2,35.05,34.0
113.46,85.09,141.4,853.2,35.05,34.0
113.58,85.51,141.4,853.2,35.05,34.0
113.69,87.68,141.4,853.2,35.05,34.0
113.8,91.17,141.4,853.2,35.05,34.0
113.91,95.7,141.4,853.2,35.05,34.0
114.02,100.76,141.4,853.2,35.05,34.0
114.12,105.54,141.4,853.2,35.05,34.0
114.23,109.87,141.4,853.2,35.05,34.0
114.34,113.07,141.4,853.2,35.05,34.0
114.44,114.75,141.4,853.2,35.05,34.0
114.55,114.83,141.4,853.2,35.05,34.0
114.66,113.09,141.4,853.2,35.05,34.0
114.77,110.06,141.4,853.2,35.05,34.0
114.87,105.89,141.4,853.2,35.05,34.0
114.98,100.97,141.4,853.2,35.05,34.0
115.09,95.8,141.4,853.2,35.05,34.0
115.2,91.18,141.4,853.2,35.05,34.0
115.3,87.74,141.4,853.2,35.05,34.0
115.41,85.6,141.4,853.2,35.05,34.0
115.52,85.04,141.4,853.2,35.05,34.0
115.63,86.22,141.43,853.2,35.05,34.0
115.74,89.12,141.4,853.2,35.05,34.0
115.85,93.26,141.4,853.2,35.05,34.0
115.96,98.16,141.4,853.2,35.05,34.0
116.08,103.56,141.4,853.2,35.05,34.0
116.18,108.2,141.4,853.2,35.05,34.0
116.3,112.22,141.4,853.2,35.02,34.0
116.41,114.38,141.4,853.2,35.05,34.0
116.52,114.98,141.4,853.2,35.02,34.0
116.63,113.76,141.4,853.2,35.05,34.0
116.74,111.0,141.4,853.2,35.05,34.0
116.85,106.81,141.4,853.2,35.05,34.0
116.95,102.12,141.4,853.2,35.05,34.0
117.07,96.53,141.4,853.2,35.05,34.0
117.18,91.84,141.4,853.2,35.05,34.0
117.29,88.14,141.4,853.2,35.05,34.0
117.4,85.77,141.4,853.2,35.05,34.0
117.51,85.01,141.4,853.2,35.05,34.0
117.62,86.14,141.4,853.2,35.02,34.0
117.73,88.89,141.4,853.2,35.05,34.0
117.84,92.89,141.4,853.2,35.05,34.0
117.95,97.83,141.4,853.2,35.05,34.0
118.07,103.07,141.4,853.2,35.05,34.0
118.17,107.71,141.4,853.2,35.02,34.0
118.28,111.67,141.4,853.2,35.05,34.0
118.4,114.27,141.4,853.2,35.05,34.0
118.51,114.99,141.4,853.2,35.05,34.0
118.62,113.89,141.4,853.2,35.05,34.0
118.74,111.05,141.4,853.2,35.05,34.0
118.85,106.97,141.4,853.2,35.05,34.0
118.96,102.04,141.4,853.2,35.05,34.0
119.07,96.89,141.4,853.2,35.05,34.0
119.18,91.84,141.4,853.2,35.05,34.0
119.29,88.22,141.4,853.2,35.05,34.0
119.4,85.77,141.4,853.2,35.05,34.0
119.51,85.0,141.4,853.2,35.05,34.0
119.62,85.98,141.4,853.2,35.05,34.0
119.72,88.44,141.4,853.2,35.05,34.0
119.83,92.34,141.4,853.2,35.05,34.0
119.94,97.23,141.4,853.2,35.05,34.0
120.05,102.3,141.4,853.2,35.05,34.0
120.15,106.97,141.4,853.2,35.05,34.0
120.26,110.89,141.4,853.2,35.05,34.0
120.38,113.91,141.4,853.2,35.02,34.0
120.49,114.99,141.4,853.2,35.05,34.0
120.6,114.33,141.4,853.2,35.05,34.0
120.7,112.03,141.4,853.2,35.02,34.0
120.81,108.25,141.43,853.2,35.05,34.0
120.93,103.34,141.4,853.2,35.05,34.0
121.03,98.5,141.4,853.2,35.02,34.0
121.14,93.54,141.4,853.2,35.05,34.0
121.25,89.44,141.4,853.2,35.05,34.0
121.35,86.53,141.4,853.2,35.02,34.0
121.47,85.09,141.4,853.2,35.05,34.0
121.58,85.42,141.4,853.2,35.05,34.0
121.69,87.52,141.4,853.2,35.05,34.0
121.79,90.85,141.4,853.2,35.05,34.0
121.9,95.17,141.4,853.2,35.05,34.0
122.0,100.22,141.4,853.2,35.05,34.0
122.11,105.2,141.4,853.2,35.05,34.0
122.23,110.08,141.4,853.2,35.05,34.0
122.34,113.17,141.4,853.2,35.05,34.0
122.45,114.85,141.4,853.2,35.02,34.0
122.56,114.72,141.4,853.2,35.05,34.0
122.68,112.66,141.4,853.2,35.02,34.0
122.79,109.29,141.4,853.2,35.05,34.0
122.9,104.65,141.4,853.2,35.05,34.0
123.02,99.27,141.4,853.2,35.05,34.0
123.13,94.23,141.4,853.2,35.02,34.0
123.23,90.04,141.4,853.2,35.05,34.0
123.35,86.69,141.4,853.2,35.02,34.0
123.46,85.12,141.4,853.2,35.02,34.0
123.57,85.37,141.4,853.2,35.05,34.0
123.68,87.38,141.4,853.2,35.05,34.0
123.81,91.51,141.4,853.2,35.05,34.0
123.92,96.12,141.4,853.2,35.05,34.0
124.03,101.28,141.4,853.2,35.05,34.0
124.14,106.2,141.4,853.2,35.05,34.0
124.24,110.31,141.4,853.2,35.05,34.0
124.35,113.32,141.4,853.2,35.05,34.0
124.46,114.86,141.4,853.2,35.05,34.0
124.56,114.7,141.4,853.2,35.05,34.0
124.67,112.9,141.4,853.2,35.05,34.0
124.78,109.69,141.4,853.2,35.05,34.0
124.88,105.47,141.4,853.2,35.05,34.0
124.99,100.59,141.4,853.2,35.05,34.0
125.1,95.28,141.4,853.2,35.05,34.0
125.22,90.49,141.4,853.2,35.05,34.0
125.33,87.16,141.4,853.2,35.05,34.0
125.44,85.26,141.4,853.2,35.02,34.0
125.55,85.21,141.4,853.2,35.05,34.0
125.66,86.87,141.4,853.2,35.05,34.0
125.77,89.98,141.4,853.2,35.05,34.0
125.88,94.4,141.4,853.2,35.05,34.0
125.98,99.14,141.4,853.2,35.05,34.0
126.1,104.75,141.4,853.2,35.05,34.0
126.21,109.21,141.4,853.2,35.05,34.0
126.32,112.67,141.4,853.2,35.02,34.0
126.43,114.62,141.4,853.2,35.05,34.0
126.54,114.89,141.4,853.2,35.05,34.0
126.65,113.33,141.4,853.2,35.05,34.0
126.76,110.38,141.4,853.2,35.05,34.0
126.87,106.05,141.4,853.2,35.05,34.0
126.98,100.87,141.4,853.2,35.02,34.0
127.09,95.81,141.4,853.2,35.05,34.0
127.2,91.33,141.4,853.2,35.05,34.0
127.3,87.83,141.4,853.2,35.05,34.0
127.41,85.66,141.4,853.2,35.05,34.0
127.51,85.01,141.4,853.2,35.02,34.0
127.62,86.1,141.4,853.2,35.05,34.0
127.73,88.7,141.4,853.2,35.05,34.0
127.84,92.65,141.4,853.2,35.05,34.0
127.95,97.5,141.4,853.2,35.05,34.0
128.05,102.53,141.4,853.2,35.05,34.0
128.16,107.29,141.4,853.2,35.05,34.0
128.27,111.35,141.4,853.2,35.02,34.0
128.38,113.96,141.4,853.2,35.05,34.0
128.49,115.0,141.4,853.2,35.05,34.0
128.6,114.29,141.4,853.2,35.05,34.0
128.71,111.75,141.4,853.2,35.05,34.0
128.82,107.87,141.4,853.2,35.02,34.0
128.93,103.39,141.4,853.2,35.05,34.0
129.03,98.37,141.4,853.2,35.05,34.0
129.14,93.58,141.4,853.2,35.05,34.0
129.25,89.53,141.4,853.2,35.05,34.0
129.35,86.6,141.4,853.2,35.05,34.0
129.46,85.14,141.4,853.2,35.05,34.0
129.57,85.34,141.4,853.2,35.05,34.0
129.68,87.4,141.4,853.2,35.05,34.0
129.79,90.84,141.4,853.2,35.05,34.0
129.9,95.19,141.4,853.2,35.05,34.0
130.01,100.33,141.4,853.2,35.05,34.0
130.11,105.27,141.4,853.2,35.05,34.0
130.22,109.55,141.4,853.2,35.02,34.0
130.33,112.94,141.4,853.2,35.05,34.0
130.44,114.74,141.4,853.2,35.05,34.0
130.55,114.83,141.4,853.2,35.05,34.0
130.66,113.12,141.4,853.2,35.05,34.0
130.77,109.98,141.4,853.2,35.05,34.0
130.87,105.8,141.4,853.2,35.05,34.0
130.98,100.82,141.43,853.2,35.05,34.0
131.1,95.58,141.4,853.2,35.05,34.0
131.2,91.11,141.4,853.2,35.05,34.0
131.31,87.54,141.4,853.2,35.05,34.0
131.42,85.44,141.4,853.2,35.05,34.0
131.54,85.09,141.4,853.2,35.05,34.0
131.65,86.74,141.4,853.2,35.05,34.0
131.76,89.75,141.4,853.2,35.02,34.0
131.87,94.02,141.4,853.2,35.05,34.0
131.98,99.14,141.4,853.2,35.05,34.0
132.09,104.02,141.4,853.2,35.05,34.0
132.2,108.69,141.4,853.2,35.05,34.0
132.3,112.2,141.4,853.2,35.05,34.0
132.41,114.37,141.4,853.2,35.05,34.0
132.51,114.99,141.4,853.2,35.05,34.0
132.62,113.89,141.4,853.2,35.02,34.0
132.74,111.08,141.4,853.2,35.05,34.0
132.85,106.65,141.4,853.2,35.02,34.0
132.97,101.53,141.4,853.2,35.05,34.0
133.07,96.57,141.4,853.2,35.05,34.0
133.18,91.9,141.4,853.2,35.02,34.0
133.29,88.25,141.4,853.2,35.05,34.0
133.39,85.88,141.4,853.2,35.05,34.0
133.5,85.0,141.4,853.2,35.05,34.0
133.6,85.76,141.4,853.2,35.05,34.0
133.71,88.13,141.4,853.2,35.02,34.0
133.81,91.74,141.4,853.2,35.05,34.0
133.92,96.21,141.4,853.2,35.05,34.0
134.02,101.02,141.4,853.2,35.05,34.0
134.13,105.99,141.4,853.2,35.05,34.0
134.24,110.13,141.4,853.2,35.05,34.0
134.34,113.25,141.4,853.2,35.05,34.0
134.46,114.87,141.4,853.2,35.02,34.0
134.57,114.65,141.4,853.2,35.05,34.0
134.68,112.74,141.4,853.2,35.05,34.0
134.78,109.47,141.4,853.2,35.05,34.0
134.89,104.91,141.4,853.2,35.05,34.0
135.0,100.07,141.4,853.2,35.05,34.0
135.11,94.95,141.4,853.2,35.05,34.0
135.22,90.58,141.4,853.2,35.05,34.0
135.32,87.3,141.4,853.2,35.05,34.0
135.43,85.31,141.4,853.2,35.05,34.0
135.54,85.14,141.4,853.2,35.05,34.0
135.65,86.72,141.4,853.2,35.05,34.0
135.77,89.96,141.4,853.2,35.05,34.0
135.87,94.24,141.4,853.2,35.05,34.0
135.98,99.04,141.4,853.2,35.05,34.0
136.09,104.27,141.4,853.2,35.05,34.0
136.2,108.69,141.4,853.2,35.05,34.0
136.3,112.26,141.4,853.2,35.05,34.0
136.42,114.49,141.4,853.2,35.05,34.0
136.53,114.94,141.4,853.2,35.05,34.0
136.64,113.66,141.4,853.2,35.05,34.0
136.74,110.88,141.4,853.2,35.05,34.0
136.85,106.93,141.4,853.2,35.05,34.0
136.96,101.91,141.4,853.2,35.05,34.0
137.07,96.5,141.4,853.2,35.05,34.0
137.18,91.94,141.4,853.2,35.05,34.0
137.29,88.1,141.4,853.2,35.02,34.0
137.4,85.73,141.4,853.2,35.05,34.0
137.51,85.0,141.4,853.2,35.05,34.0
137.61,85.92,141.4,853.2,35.05,34.0
137.72,88.4,141.4,853.2,35.05,34.0
137.82,92.14,141.4,853.2,35.05,34.0
137.93,96.66,141.4,853.2,35.05,34.0
138.04,101.91,141.4,853.2,35.05,34.0
138.15,106.64,141.4,853.2,35.02,34.0
138.26,110.82,141.4,853.2,35.05,34.0
138.37,113.69,141.4,853.2,35.02,34.0
138.47,114.94,141.4,853.2,35.05,34.0
138.59,114.42,141.4,853.2,35.05,34.0
138.7,112.02,141.4,853.2,35.05,34.0
138.81,108.34,141.4,853.2,35.02,34.0
138.92,103.57,141.4,853.2,35.05,34.0
139.03,98.75,141.4,853.2,35.05,34.0
139.14,93.69,141.4,853.2,35.05,34.0
139.24,89.58,141.4,853.2,35.02,34.0
139.35,86.64,141.4,853.2,35.05,34.0
139.46,85.12,141.4,853.2,35.05,34.0
139.56,85.31,141.4,853.2,35.05,34.0
139.68,87.33,141.4,853.2,35.02,34.0
139.78,90.59,141.4,853.2,35.05,34.0
139.89,95.08,141.4,853.2,35.05,34.0
140.0,100.01,141.4,853.2,35.05,34.0
140.1,104.84,141.4,853.2,35.05,34.0
140.21,109.18,141.4,853.2,35.05,34.0
140.32,112.69,141.4,853.2,35.05,34.0
140.43,114.63,141.4,853.2,35.05,34.0
140.54,114.88,141.4,853.2,35.05,34.0
140.65,113.46,141.4,853.2,35.05,34.0
140.75,110.61,141.4,853.2,35.05,34.0
140.87,106.12,141.4,853.2,35.05,34.0
140.97,101.3,141.4,853.2,35.05,34.0
141.09,95.84,141.4,853.2,35.05,34.0
141.21,90.68,141.4,853.2,35.05,34.0
141.32,87.26,141.4,853.2,35.05,34.0
141.43,85.38,141.4,853.2,35.05,34.0
141.53,85.09,141.4,853.2,35.05,34.0
141.65,86.71,141.4,853.2,35.05,34.0
141.76,89.83,141.4,853.2,35.05,34.0
141.87,94.18,141.4,853.2,35.05,34.0
141.98,98.93,141.4,853.2,35.05,34.0
142.09,103.98,141.4,853.2,35.05,34.0
142.19,108.52,141.4,853.2,35.05,34.0
142.31,112.31,141.4,853.2,35.02,34.0
142.41,114.42,141.4,853.2,35.05,34.0
142.52,114.96,141.4,853.2,35.05,34.0
142.64,113.5,141.4,853.2,35.05,34.0
142.75,110.45,141.43,853.2,35.05,34.0
142.87,105.96,141.4,853.2,35.05,34.0
142.98,101.17,141.4,853.2,35.05,34.0
143.09,95.88,141.4,853.2,35.05,34.0
143.2,91.04,141.4,853.2,35.05,34.0
143.31,87.47,141.4,853.2,35.05,34.0
143.42,85.49,141.4,853.2,35.05,34.0
143.53,85.08,141.4,853.2,35.05,34.0
143.64,86.51,141.4,853.2,35.05,34.0
143.76,89.74,141.4,853.2,35.05,34.0
143.88,94.53,141.4,853.2,35.05,34.0
143.99,99.67,141.4,853.2,35.05,34.0
144.1,104.61,141.4,853.2,35.05,34.0
144.21,109.37,141.4,853.2,35.05,34.0
144.33,112.8,141.4,853.2,35.05,34.0
144.44,114.7,141.4,853.2,35.05,34.0
144.56,114.77,141.4,853.2,35.05,34.0
144.67,112.87,141.4,853.2,35.05,34.0
144.78,109.62,141.4,853.2,35.05,34.0
144.9,104.84,141.4,853.2,35.02,34.0
145.0,99.98,141.4,853.2,35.05,34.0
145.11,95.12,141.4,853.2,35.05,34.0
145.22,90.55,141.4,853.2,35.05,34.0
145.32,87.29,141.4,853.2,35.05,34.0
145.44,85.29,141.4,853.2,35.05,34.0
145.55,85.16,141.4,853.2,35.05,34.0
145.65,86.74,141.4,853.2,35.05,34.0
145.76,89.79,141.4,853.2,35.05,34.0
145.88,94.59,141.4,853.2,35.05,34.0
145.99,99.74,141.4,853.2,35.05,34.0
146.12,105.47,141.4,853.2,35.05,34.0
146.24,110.14,141.4,853.2,35.05,34.0
146.35,113.4,141.4,853.2,35.02,34.0
146.46,114.88,141.4,853.2,35.02,34.0
146.57,114.63,141.4,853.2,35.02,34.0
146.68,112.65,141.4,853.2,35.05,34.0
146.8,108.72,141.4,853.2,35.02,34.0
146.91,103.99,141.4,853.2,35.05,34.0
147.02,98.94,141.4,853.2,35.05,34.0
147.13,94.19,141.4,853.2,35.05,34.0
147.24,89.85,141.4,853.2,35.05,34.0
147.35,86.73,141.4,853.2,35.02,34.0
147.45,85.16,141.4,853.2,35.05,34.0
147.56,85.27,141.4,853.2,35.05,34.0
147.67,87.2,141.4,853.2,35.05,34.0
147.8,91.07,141.4,853.2,35.05,34.0
147.91,95.9,141.4,853.2,35.02,34.0
148.03,101.39,141.4,853.2,35.05,34.0
148.14,106.39,141.4,853.2,35.05,34.0
148.25,110.53,141.4,853.2,35.05,34.0
148.36,113.53,141.4,853.2,35.05,34.0
148.47,114.91,141.4,853.2,35.05,34.0
148.58,114.56,141.4,853.2,35.05,34.0
148.69,112.5,141.4,853.2,35.05,34.0
148.79,109.06,141.4,853.2,35.05,34.0
148.9,104.64,141.4,853.2,35.05,34.0
149.02,99.14,141.4,853.2,35.05,34.0
149.12,94.37,141.4,853.2,35.05,34.0
149.23,89.99,141.4,853.2,35.05,34.0
149.35,86.71,141.4,853.2,35.05,34.0
149.46,85.11,141.4,853.2,35.05,34.0
149.57,85.36,141.4,853.2,35.05,34.0
149.68,87.33,141.4,853.2,35.05,34.0
149.79,90.77,141.4,853.2,35.02,34.0
149.9,95.26,141.4,853.2,35.05,34.0
150.0,100.12,141.4,853.2,35.05,34.0
150.12,105.31,141.4,853.2,35.05,34.0
150.23,109.8,141.4,853.2,35.02,34.0
150.34,113.15,141.4,853.2,35.05,34.0
150.46,114.85,141.4,853.2,35.02,34.0
150.57,114.68,141.4,853.2,35.05,34.0
150.68,112.7,141.4,853.2,35.05,34.0
150.79,109.3,141.4,853.2,35.05,34.0
150.9,104.61,141.4,853.2,35.05,34.0
151.01,99.59,141.4,853.2,35.02,34.0
151.12,94.35,141.4,853.2,35.05,34.0
151.23,90.17,141.4,853.2,35.02,34.0
151.34,86.83,141.4,853.2,35.05,34.0
151.45,85.22,141.4,853.2,35.02,34.0
151.56,85.29,141.4,853.2,35.02,34.0
151.67,87.02,141.4,853.2,35.05,34.0
151.77,90.22,141.4,853.2,35.05,34.0
151.88,94.37,141.4,853.2,35.05,34.0
151.99,99.3,141.4,853.2,35.05,34.0
152.09,104.35,141.4,853.2,35.05,34.0
152.2,108.87,141.4,853.2,35.05,34.0
152.31,112.35,141.4,853.2,35.05,34.0
152.42,114.53,141.4,853.2,35.02,34.0
152.53,114.94,141.4,853.2,35.05,34.0
152.64,113.62,141.4,853.2,35.05,34.0
152.75,110.75,141.4,853.2,35.05,34.0
152.85,106.8,141.4,853.2,35.05,34.0
152.97,101.59,141.4,853.2,35.05,34.0
153.07,96.54,141.4,853.2,35.05,34.0
153.18,91.97,141.4,853.2,35.02,34.0
153.29,88.19,141.4,853.2,35.05,34.0
153.39,85.82,141.4,853.2,35.05,34.0
153.5,85.0,141.4,853.2,35.05,34.0
153.61,85.91,141.4,853.2,35.05,34.0
153.72,88.3,141.4,853.2,35.05,34.0
153.82,92.11,141.4,853.2,35.05,34.0
153.93,96.88,141.4,853.2,35.05,34.0
154.04,101.77,141.4,853.2,35.02,34.0
154.15,106.82,141.4,853.2,35.05,34.0
154.26,110.79,141.4,853.2,35.05,34.0
154.37,113.71,141.4,853.2,35.02,34.0
154.49,114.99,141.4,853.2,35.02,34.0
154.6,114.29,141.4,853.2,35.05,34.0
154.71,111.84,141.4,853.2,35.05,34.0
154.82,108.05,141.4,853.2,35.05,34.0
154.93,103.1,141.4,853.2,35.05,34.0
155.05,97.55,141.4,853.2,35.05,34.0
155.16,92.76,141.4,853.2,35.02,34.0
155.27,88.82,141.4,853.2,35.05,34.0
155.38,86.03,141.4,853.2,35.02,34.0
155.5,85.0,141.4,853.2,35.05,34.0
155.61,85.93,141.4,853.2,35.05,34.0
155.72,88.46,141.4,853.2,35.05,34.0
155.83,92.27,141.4,853.2,35.02,34.0
155.93,96.94,141.4,853.2,35.05,34.0
156.04,102.07,141.4,853.2,35.05,34.0
156.15,106.79,141.4,853.2,35.05,34.0
156.26,110.9,141.4,853.2,35.02,34.0
156.37,113.77,141.4,853.2,35.05,34.0
156.48,114.96,141.4,853.2,35.05,34.0
156.59,114.38,141.4,853.2,35.02,34.0
156.71,111.98,141.4,853.2,35.05,34.0
156.82,108.0,141.4,853.2,35.05,34.0
156.93,103.25,141.4,853.2,35.02,34.0
157.05,97.74,141.4,853.2,35.05,34.0
157.15,93.09,141.4,853.2,35.05,34.0
157.26,88.95,141.4,853.2,35.05,34.0
157.38,86.14,141.4,853.2,35.05,34.0
157.49,85.02,141.4,853.2,35.05,34.0
157.59,85.61,141.4,853.2,35.02,34.0
157.71,88.03,141.4,853.2,35.05,34.0
157.81,91.67,141.4,853.2,35.05,34.0
157.92,96.35,141.4,853.2,35.05,34.0
158.03,101.45,141.4,853.2,35.05,34.0
158.14,106.33,141.4,853.2,35.05,34.0
158.25,110.48,141.4,853.2,35.05,34.0
158.36,113.5,141.4,853.2,35.05,34.0
158.46,114.88,141.4,853.2,35.02,34.0
158.57,114.64,141.4,853.2,35.05,34.0
158.68,112.75,141.4,853.2,35.05,34.0
158.78,109.47,141.4,853.2,35.05,34.0
158.9,104.83,141.4,853.2,35.05,34.0
159.02,99.27,141.4,853.2,35.05,34.0
159.13,94.1,141.4,853.2,35.05,34.0
159.23,89.96,141.4,853.2,35.05,34.0
159.34,86.77,141.4,853.2,35.05,34.0
159.45,85.17,141.4,853.2,35.05,34.0
159.57,85.33,141.4,853.2,35.05,34.0
159.68,87.24,141.4,853.2,35.05,34.0
159.79,90.68,141.4,853.2,35.05,34.0
159.9,95.24,141.4,853.2,35.05,34.0
160.0,100.23,141.4,853.2,35.05,34.0
160.11,105.24,141.4,853.2,35.05,34.0
160.22,109.72,141.4,853.2,35.05,34.0
160.33,113.01,141.4,853.2,35.05,34.0
160.44,114.75,141.4,853.2,35.05,34.0
160.55,114.8,141.4,853.2,35.05,34.0
160.66,113.24,141.4,853.2,35.02,34.0
160.77,110.09,141.4,853.2,35.05,34.0
160.87,105.8,141.4,853.2,35.05,34.0
161.0,99.78,141.4,853.2,35.05,34.0
161.11,94.88,141.4,853.2,35.05,34.0
161.22,90.38,141.4,853.2,35.05,34.0
161.33,87.08,141.4,853.2,35.05,34.0
161.44,85.3,141.4,853.2,35.05,34.0
161.55,85.15,141.4,853.2,35.05,34.0
161.65,86.7,141.4,853.2,35.05,34.0
161.76,89.75,141.43,853.2,35.05,34.0
161.87,93.94,141.4,853.2,35.05,34.0
161.98,99.17,141.4,853.2,35.02,34.0
162.09,104.03,141.4,853.2,35.05,34.0
162.19,108.55,141.4,853.2,35.05,34.0
162.31,112.39,141.4,853.2,35.05,34.0
162.41,114.44,141.4,853.2,35.05,34.0
162.52,114.97,141.4,853.2,35.05,34.0
162.63,113.74,141.4,853.2,35.05,34.0
162.74,110.93,141.4,853.2,35.05,34.0
162.85,106.95,141.4,853.2,35.02,34.0
162.97,101.59,141.4,853.2,35.05,34.0
163.09,95.84,141.4,853.2,35.05,34.0
163.2,91.35,141.4,853.2,35.02,34.0
163.3,87.88,141.4,853.2,35.02,34.0
163.4,85.67,141.4,853.2,35.05,34.0
163.52,85.04,141.4,853.2,35.05,34.0
163.63,86.22,141.4,853.2,35.02,34.0
163.74,88.95,141.4,853.2,35.05,34.0
163.85,93.17,141.4,853.2,35.05,34.0
163.96,97.98,141.4,853.2,35.05,34.0
164.06,102.87,141.4,853.2,35.05,34.0
164.17,107.53,141.4,853.2,35.05,34.0
164.28,111.6,141.4,853.2,35.05,34.0
164.39,114.16,141.4,853.2,35.05,34.0
164.5,115.0,141.4,853.2,35.05,34.0
164.61,114.08,141.4,853.2,35.05,34.0
164.73,111.35,141.4,853.2,35.05,34.0
164.83,107.57,141.4,853.2,35.05,34.0
164.94,102.97,141.4,853.2,35.05,34.0
165.05,97.84,141.4,853.2,35.05,34.0
165.15,93.13,141.4,853.2,35.05,34.0
165.26,89.02,141.43,853.2,35.05,34.0
165.37,86.3,141.4,853.2,35.05,34.0
165.48,85.03,141.4,853.2,35.05,34.0
165.59,85.55,141.4,853.2,35.05,34.0
165.69,87.67,141.4,853.2,35.05,34.0
165.8,91.32,141.4,853.2,35.05,34.0
165.91,96.04,141.4,853.2,35.05,34.0
166.02,100.92,141.4,853.2,35.05,34.0
166.14,106.25,141.4,853.2,35.05,34.0
166.24,110.42,141.4,853.2,35.05,34.0
166.35,113.43,141.4,853.2,35.05,34.0
166.46,114.86,141.4,853.2,35.02,34.0
166.56,114.73,141.4,853.2,35.05,34.0
166.68,112.79,141.4,853.2,35.05,34.0
166.8,108.76,141.4,853.2,35.05,34.0
166.91,104.05,141.4,853.2,35.02,34.0
167.02,99.08,141.4,853.2,35.05,34.0
167.14,93.76,141.4,853.2,35.05,34.0
167.25,89.54,141.4,853.2,35.05,34.0
167.36,86.41,141.4,853.2,35.05,34.0
167.47,85.08,141.4,853.2,35.05,34.0
167.58,85.43,141.4,853.2,35.05,34.0
167.68,87.38,141.4,853.2,35.05,34.0
167.79,90.79,141.4,853.2,35.05,34.0
167.91,95.62,141.4,853.2,35.05,34.0
168.01,100.65,141.4,853.2,35.05,34.0
168.13,106.14,141.4,853.2,35.02,34.0
168.25,110.46,141.4,853.2,35.05,34.0
168.35,113.4,141.43,853.2,35.05,34.0
168.46,114.87,141.4,853.2,35.05,34.0
168.56,114.7,141.4,853.2,35.05,34.0
168.67,112.83,141.4,853.2,35.05,34.0
168.79,109.36,141.4,853.2,35.05,34.0
168.89,104.89,141.4,853.2,35.05,34.0
169.0,99.81,141.4,853.2,35.02,34.0
169.11,94.94,141.4,853.2,35.05,34.0
169.22,90.52,141.4,853.2,35.05,34.0
169.32,87.28,141.4,853.2,35.05,34.0
169.44,85.3,141.4,853.2,35.05,34.0
169.54,85.15,141.4,853.2,35.05,34.0
169.65,86.61,141.4,853.2,35.05,34.0
169.75,89.5,141.4,853.2,35.05,34.0
169.86,93.62,141.4,853.2,35.05,34.0
169.96,98.28,141.4,853.2,35.05,34.0
