t_s,cmd,pos_deg,vel_deg_s,tau_est_nm,temp_c
1.1329539120197296e-06,0.00023963918185695632,30.05674432122199,-1.0493732511553502,-0.0293040293040292,32.0
0.005091662053018808,0.9984097540454059,30.078723658934113,0.20987465023107005,-0.0293040293040292,32.0
0.010059454012662172,1.5860429324450362,30.078723658934113,-3.1481197534660503,-0.146520146520146,32.0
0.015059808967635036,1.6732084291849205,30.078723658934113,0.20987465023107005,0.2051282051282044,32.0
0.02009319805074483,1.4546495681664378,30.100702996646135,3.1481197534660503,0.4981684981684964,32.0
0.02506247302517295,1.2709142055221736,30.166641009782197,9.024609959936011,0.7912087912087884,32.0
0.03005812200717628,1.3109040473853166,30.21059968520634,12.382604363633131,0.7912087912087884,32.0
0.03506054601166397,1.4865863100385786,30.276537698342505,13.641852265019553,0.7912087912087884,32.0
0.040061944047920406,1.526853629762259,30.36445504919069,19.098593171027375,0.7912087912087884,32.0
0.04509631998371333,1.2355758137809882,30.496331075462916,23.715835476110914,0.8498168498168468,32.0
0.050059151952154934,0.7066523292762574,30.628207101735246,27.493579180270377,0.9670329670329636,32.0
0.05508948699571192,0.26109999361346253,30.78206246571949,29.592325682581077,1.025641025641022,32.0
0.06009606202133,0.2495146872901972,30.95789716741586,30.8515735839675,0.9084249084249052,32.0
0.06509212497621775,0.7496293867036803,31.11175253140021,28.752827081656797,0.6153846153846132,32.0
0.07005982403643429,1.5053427203130134,31.22164921996042,30.431824283505357,0.5567765567765548,32.0
0.0750892770010978,2.121085708073313,31.331545908520624,22.876336875186635,0.5567765567765548,32.0
0.08009466005023569,2.305102610625077,31.46342193479295,24.135584776573054,0.73260073260073,32.0
0.08508962905034423,2.094305646798975,31.6172772987772,27.073829879808237,0.73260073260073,32.0
0.09005813801195472,1.7650534738697965,31.79311200047357,36.30831448997532,0.73260073260073,32.0
0.09505949704907835,1.5770186162074928,32.01290537759408,42.18480469644528,0.8498168498168468,32.0
0.10009362094569951,1.5609233874089083,32.254678092426516,46.80204700152882,0.9670329670329636,32.0
0.10509105597157031,1.4880717220137454,32.628326833531275,53.9377851093852,1.1428571428571388,32.0
0.1100572410505265,1.0857281244569517,32.80416153522764,57.715528813544466,1.2600732600732556,32.0
0.11505974095780402,0.283233235690671,33.133851600908365,61.073523217241586,0.9084249084249052,32.0
0.12008718203287572,-0.677171725540155,33.39760365345292,64.4315176209387,0.73260073260073,32.0
0.12509029195643961,-1.3778402575539972,33.705314381421516,57.715528813544466,0.2051282051282044,32.0
0.13005883002188057,-1.544976280365901,34.013025109390114,63.17226971955228,0.0879120879120876,32.0
0.13509130803868175,-1.224718862757178,34.32073583735881,58.1352781140066,0.0879120879120876,32.0
0.14009363297373056,-0.7482082084417597,34.584487889903365,56.0365316116959,0.2637362637362628,32.0
0.14509016904048622,-0.47349736507298384,34.8262606047358,45.96254840060454,0.0879120879120876,32.0
0.1500569439958781,-0.5270805105599449,35.04605398185631,41.76505539598314,-0.0293040293040292,32.0
0.15508566901553422,-0.7483055624234721,35.28782669668875,34.62931728812676,-0.2051282051282044,32.0
0.16005721502006054,-0.8526702314694387,35.39772338524905,35.0490665885889,-0.2051282051282044,32.0
0.16506270901300013,-0.7082643548895862,35.52959941152128,27.073829879808237,-0.3223443223443212,32.0
0.17005773400887847,-0.4615402731853582,35.661475437793506,24.975083377497334,-0.3223443223443212,32.0
0.17505756800528616,-0.43220924744960715,35.74939278864169,19.518342471489515,-0.3223443223443212,32.0
0.1800870910519734,-0.8511962984680814,35.815330801777854,10.283857861322431,-0.146520146520146,32.0
0.18508901295717806,-1.6364304505550713,35.90324815262604,11.962855063170991,-0.0879120879120876,32.0
0.19005904800724238,-2.4253510676109027,35.99116550347423,12.802353664095271,-0.3223443223443212,32.0
0.1950779960025102,-2.8328446807646794,36.01314484118625,10.703607161784571,-0.4981684981684964,32.0
0.2000616870354861,-2.691253856266406,36.03512417889837,4.827116955314611,-0.7912087912087884,32.0
0.20509628194849938,-2.1702469691973105,36.01314484118625,-6.9258634576253115,-1.025641025641022,32.0
0.2100586510496214,-1.6313433518919962,35.9691861657622,-8.604860659473871,-1.2600732600732556,32.0
0.21505952905863523,-1.3096185380110963,35.90324815262604,-16.580097368254634,-1.318681318681314,32.0
0.22009226097725332,-1.1776061601018564,35.815330801777854,-15.320849466868214,-1.318681318681314,32.0
0.22509316797368228,-0.9866013248848017,35.68345477550563,-26.654080579345997,-1.2600732600732556,32.0
0.23005836305674165,-0.520533914567721,35.595537424657444,-22.876336875186734,-1.1428571428571388,32.0
0.23506012302823365,0.19430437329734818,35.46366139838511,-25.394832677959577,-0.9670329670329636,32.0
0.24009003199171275,0.8593618613523066,35.33178537211289,-29.172576382118837,-0.6739926739926716,32.0
0.24506562994793057,1.1146486676620335,35.155950670416516,-27.913328480732417,-0.3223443223443212,32.0
0.25005811895243824,0.8406699048203102,35.068033319568336,-22.876336875186734,-0.146520146520146,32.0
0.25508865201845765,0.2385425784238484,34.98011596872015,-19.098593171027474,0.2637362637362628,32.0
0.2600894019706175,-0.27628477921859,34.91417795558399,-12.802353664095271,0.2637362637362628,32.0
0.26509098696988076,-0.3912280076065049,34.870219280159944,-11.543105762708851,0.0293040293040292,32.0
0.27005561196710914,-0.09553034897372983,34.84823994244792,-6.9258634576253115,-0.2051282051282044,32.0
0.27506036194972694,0.3572730171932718,34.804281267023775,-5.246866255776751,-0.2637362637362628,32.0
0.28005710896104574,0.6668241561944591,34.78230192931176,-3.9876183543903307,-0.2051282051282044,32.0
0.28505690896417946,0.7462382087327973,34.738343253887614,-3.9876183543903307,-0.0879120879120876,32.0
0.2900592479854822,0.7796155451724905,34.716363916175595,-5.666615556238891,0.146520146520146,32.0
0.2950574610149488,1.048233668394236,34.716363916175595,-5.246866255776751,0.2051282051282044,32.0
0.3000849550589919,1.6683077447735277,34.69438457846357,-1.0493732511553502,0.3223443223443212,32.0
0.30508544004987925,2.437483977437653,34.69438457846357,-1.4691225516174902,0.3809523809523796,32.0
0.3100595170399174,2.9675915060391684,34.716363916175595,1.4691225516174902,0.6739926739926716,32.0
0.31508665601722896,2.958784438872796,34.738343253887614,6.506114157163171,1.0842490842490804,32.0
0.3200846790568903,2.4129070477173724,34.78230192931176,10.283857861322431,1.3772893772893724,32.0
0.3250841830158606,1.6430405248115783,34.870219280159944,16.58009736825453,1.2014652014651972,32.0
0.33005609596148133,1.038143326974376,35.04605398185631,29.172576382118937,1.1428571428571388,32.0
0.3350595199735835,0.7770702976148839,35.1339713327045,30.431824283505357,0.9084249084249052,32.0
0.3400587299838662,0.7460237054317882,35.28782669668875,30.8515735839675,0.6153846153846132,32.0
0.3450572550063953,0.6625424148794685,35.46366139838511,35.88856518951318,0.3809523809523796,32.0
0.35005631705280393,0.347440320081987,35.61751676236946,33.78981868720248,0.3223443223443212,32.0
0.35505704395473003,-0.10519370052354089,35.793351464065836,37.1478130908996,0.4981684981684964,32.0
0.36005940404720604,-0.39457358407375387,36.07908285432241,43.4440525978317,0.439560439560438,32.0
0.3650587310548872,-0.26584971108866456,36.18897954288261,36.30831448997532,0.439560439560438,32.0
0.3700560670113191,0.2567292154659433,36.386793582291006,42.18480469644528,0.439560439560438,32.0
0.37505728797987103,0.8520236624378059,36.56262828398738,34.20956798766462,0.5567765567765548,32.0
0.38005695899482816,1.1148624870794916,36.71648364797173,28.333077781194657,0.6739926739926716,32.0
0.3850828859722242,0.8416274153615178,36.87033901195608,30.431824283505357,0.73260073260073,32.0
0.39005659299436957,0.17673071882549674,37.0022150382283,27.073829879808237,0.6739926739926716,32.0
0.39505657099653035,-0.5347819921170422,37.13409106450063,27.493579180270377,0.4981684981684964,32.0
0.40005626797210425,-0.9957459397273077,37.28794642848488,27.913328480732517,0.0879120879120876,32.0
0.4050550420070067,-1.1808867022274363,37.44180179246923,31.27132288442964,-0.2637362637362628,32.0
0.4100563699612394,-1.3142385104798964,37.57367781874145,28.333077781194657,-0.3809523809523796,32.0
0.41504237498156726,-1.6405445391592715,37.68357450730176,18.678843870565235,-0.3809523809523796,32.0
0.4200586519436911,-2.188495289888313,37.79347119586197,17.83934526964095,-0.3809523809523796,32.0
0.42508916498627514,-2.7025773537506743,37.837429871286005,7.3456127580874515,-0.439560439560438,32.0
0.4300569019978866,-2.8291619398828383,37.88138854671015,-1.8888718520796304,-0.6739926739926716,32.0
0.4350889059714973,-2.4058056811539625,37.85940920899803,-3.9876183543903307,-0.8498168498168468,32.0
0.44006115605589,-1.610539875944721,37.81545053357399,-11.962855063170991,-1.1428571428571388,32.0
0.4450559129472822,-0.8329639982649644,37.749512520437825,-16.580097368254634,-1.2014652014651972,32.0
0.4500599609455094,-0.4281904659699389,37.617636494165595,-22.876336875186734,-1.2600732600732556,32.0
0.45505933195818216,-0.46612955328144035,37.50773980560539,-24.135584776573154,-1.0842490842490804,32.0
0.4600613520015031,-0.7142364167687325,37.397843117045085,-24.135584776573154,-0.9084249084249052,32.0
0.46505799796432257,-0.8530507888330018,37.28794642848488,-19.938091771951754,-0.6739926739926716,32.0
0.47006456705275923,-0.7420905560952109,37.20002907763669,-19.938091771951754,-0.73260073260073,32.0
0.47505806805565953,-0.5229316065716048,37.09013238907649,-16.999846668716774,-0.73260073260073,32.0
0.48006077599711716,-0.4768231103676417,37.0022150382283,-19.518342471489614,-0.6739926739926716,32.0
0.4850560430204496,-0.760954545430524,36.892318349668095,-17.839345269641054,-0.439560439560438,32.0
0.49002761603333056,-1.2357436528679335,36.78242166110789,-24.555334077035297,-0.146520146520146,32.0
0.4950590659864247,-1.5474426607665788,36.672524972547684,-23.296086175648874,-0.0293040293040292,32.0
0.5000576509628445,-1.3641140024426723,36.56262828398738,-23.715835476111014,-0.3223443223443212,32.0
0.5050578459631652,-0.6511118612726556,36.40877292000313,-32.9503200862781,-0.5567765567765548,32.0
0.5100587620399892,0.30550684793052674,36.23293821830676,-35.0490665885888,-0.8498168498168468,32.0
0.5150565380463377,1.099696349105735,36.01314484118625,-35.88856518951308,-0.8498168498168468,32.0
0.520058220019564,1.4940063969040358,35.90324815262604,-32.9503200862781,-0.6739926739926716,32.0
0.5250565990572795,1.5606819887886323,35.72741345092967,-29.172576382118837,-0.4981684981684964,32.0
0.5300561559852213,1.5789610275813806,35.595537424657444,-23.715835476111014,-0.2637362637362628,32.0
0.5350566150154918,1.7717332085266406,35.48564073609724,-21.617088973800314,-0.0293040293040292,32.0
0.5400565130403265,2.1037706025915774,35.41970272296108,-10.703607161784571,0.2051282051282044,32.0
0.545056193950586,2.3062976467779834,35.37574404753693,-0.6296239506932101,0.2637362637362628,32.0
0.5500566710252315,2.1086230814582083,35.39772338524905,0.6296239506932101,0.439560439560438,32.0
0.5550132000353187,1.4943203628617523,35.441682060673095,8.604860659473871,0.6153846153846132,32.0
0.5600550359813496,0.7292978867407662,35.50762007380926,14.061601565481693,0.6739926739926716,32.0
0.5650596249615774,0.24165379851890922,35.595537424657444,22.036838274262355,0.5567765567765548,32.0
0.5700571989873424,0.26918633070645887,35.74939278864169,25.394832677959474,0.439560439560438,32.0
0.5750610090326518,0.719998656944633,35.815330801777854,23.296086175648774,0.3809523809523796,32.0
0.5800565510289744,1.2492766516190943,35.947206828050184,26.234331278883754,0.3809523809523796,32.0
0.5850580489495769,1.5294252330592872,36.10106219203443,30.431824283505357,0.5567765567765548,32.0
0.5900933230295777,1.4817216182192885,36.25491755601878,33.78981868720248,0.73260073260073,32.0
0.5950641030212864,1.3074019319458168,36.43075225771515,33.37006938674034,1.0842490842490804,32.0
0.6000576190417632,1.272956228882321,36.65054563483556,34.20956798766462,1.2014652014651972,32.0
0.6050676050363109,1.4628197016966322,36.760442323395765,32.11082148535392,1.0842490842490804,32.0
0.61005767097231,1.6759157220689058,36.95825636280426,34.62931728812676,0.9084249084249052,32.0
0.615020256023854,1.5807066180699234,37.112111726788505,37.56756239136174,0.73260073260073,32.0
0.6200603450415656,0.972922471019608,37.33190510390902,43.4440525978317,0.6153846153846132,32.0
0.6250655200565234,-0.013858441612794559,37.55169848102943,46.80204700152882,0.439560439560438,32.0
0.6300573090557009,-0.9926828937513413,37.837429871286005,49.32054280430166,0.73260073260073,32.0
0.6350576960248873,-1.585926710055523,38.101181923830566,49.7402921047638,0.6153846153846132,32.0
0.6400662240339443,-1.6730555283633572,38.29899596323895,48.06129490291524,0.439560439560438,32.0
0.6450582359684631,-1.4564221586356363,38.54076867807149,45.12304979968026,0.2051282051282044,32.0
0.6500567250186577,-1.271008635186513,38.73858271747988,31.69107218489178,-0.146520146520146,32.0
0.655061081983149,-1.3109900057990016,38.89243808146423,24.555334077035194,-0.2637362637362628,32.0
0.6600581000093371,-1.486510010314246,39.02431410773646,18.678843870565235,-0.3809523809523796,32.0
0.66505730105564,-1.526956923968261,39.0682727831606,13.641852265019553,-0.439560439560438,32.0
0.6700557819567621,-1.239233480709699,39.11223145858464,4.407367654852471,-0.439560439560438,32.0
0.6750553239835426,-0.7070767551939239,39.11223145858464,-4.407367654852471,-0.4981684981684964,32.0
0.6800576250534505,-0.26282344319451967,39.09025212087262,-6.9258634576253115,-0.4981684981684964,32.0
0.6850624340586364,-0.2477720912400316,39.04629344544848,-10.283857861322431,-0.439560439560438,32.0
0.6900592870078981,-0.7450715505787143,39.00233477002443,-9.864108560860291,-0.2051282051282044,32.0
0.6950587249593809,-1.5051770724819251,38.95837609460029,-7.3456127580874515,-0.146520146520146,32.0
0.7000576950376853,-2.118421735079813,38.89243808146423,-7.7653620585495915,-0.439560439560438,32.0
0.7050564170349389,-2.305441718357227,38.848479406040084,-12.382604363633131,-0.6153846153846132,32.0
0.7100570610491559,-2.0964240390618,38.7605620551919,-18.259094570103194,-0.6739926739926716,32.0
0.7150585280032828,-1.7650309201672916,38.694624042055835,-22.876336875186734,-0.73260073260073,32.0
0.7200642409734428,-1.5769411907721176,38.56274801578351,-28.333077781194557,-0.5567765567765548,32.0
0.7250576430233195,-1.5608695754573778,38.43087198951128,-31.691072184891677,-0.7912087912087884,32.0
0.7300568340579048,-1.4894598770266203,38.255037287814915,-35.88856518951308,-0.8498168498168468,32.0
0.7350577400065958,-1.085666381307869,38.05722324840652,-36.72806379043736,-1.025641025641022,32.0
0.7400597219821066,-0.28323681004393253,37.837429871286005,-41.345306095521,-1.0842490842490804,32.0
0.7450581130106002,0.6719660014213291,37.617636494165595,-44.70330049921812,-1.1428571428571388,32.0
0.750059437006712,1.3750181415048275,37.265967090772854,-47.6415456024531,-0.73260073260073,32.0
0.7550573650514707,1.5450086852238916,37.13409106450063,-41.76505539598314,-0.3809523809523796,32.0
0.7600561820436269,1.2279848311642219,36.91429768738012,-43.02430329736956,0.0293040293040292,32.0
0.7650561289628968,0.7513835639670852,36.738462985683746,-37.98731169182378,0.439560439560438,32.0
0.7700555459596217,0.47423139881482834,36.56262828398738,-37.1478130908995,0.5567765567765548,32.0
0.7750614630058408,0.5272454762390905,36.36481424457899,-30.851573583967397,0.3223443223443212,32.0
0.7800597039749846,0.7472396128338379,36.25491755601878,-28.752827081656697,0.0293040293040292,32.0
0.7850895070005208,0.8525372474287685,36.12304152974655,-25.394832677959577,-0.146520146520146,32.0
0.7900205630576238,0.710301620887722,36.03512417889837,-20.357841072413894,-0.2051282051282044,32.0
0.7950564729981124,0.46158905544589557,35.99116550347423,-11.962855063170991,-0.2051282051282044,32.0
0.8000568109564483,0.4321825266214092,35.947206828050184,-6.086364856701031,-0.3223443223443212,32.0
0.8050881120143458,0.8513276295440403,35.947206828050184,3.1481197534660503,-0.3809523809523796,32.0
0.810058975010179,1.63125040092915,35.9691861657622,3.9876183543903307,-0.3223443223443212,32.0
0.8150564939714968,2.425016681336448,35.99116550347423,10.283857861322431,-0.0293040293040292,32.0
0.8200581129640341,2.832328348321104,36.05710351661039,11.543105762708851,0.439560439560438,32.0
0.825055937981233,2.6916919998043753,36.167000205170595,21.197339673338075,0.9084249084249052,32.0
0.8300559379858896,2.175000476468664,36.21095888059464,19.098593171027375,1.1428571428571388,32.0
0.8350571850314736,1.631476151567874,36.34283490686696,27.073829879808237,1.318681318681314,32.0
0.8400566419586539,1.3097322382397891,36.49669027085132,32.11082148535392,1.4358974358974308,32.0
0.8450564160011709,1.1784091904916678,36.672524972547684,37.1478130908996,1.318681318681314,32.0
0.8500562419649214,0.9888860447957403,36.892318349668095,34.62931728812676,0.9670329670329636,32.0
0.8550549140200019,0.5209635823620525,37.0022150382283,33.37006938674034,0.9084249084249052,32.0
0.8600622660014778,-0.19462680944563462,37.20002907763669,37.98731169182388,0.5567765567765548,32.0
0.8650579489767551,-0.8561095598120385,37.397843117045085,38.40706099228602,0.2051282051282044,32.0
0.8700554439565167,-1.114679353398543,37.595657156453576,36.72806379043746,-0.0293040293040292,32.0
0.8750524569768459,-0.8412312268526151,37.79347119586197,39.2465595932103,-0.0293040293040292,32.0
0.8800586799625307,-0.2423030856917345,37.99128523527036,35.46881588905104,0.0293040293040292,32.0
0.8850570030044764,0.2740343849665267,38.14514059925471,30.431824283505357,0.146520146520146,32.0
0.8900571239646524,0.39201612622903004,38.320975300951076,27.913328480732517,0.3809523809523796,32.0
0.8950613070046529,0.09503966014215944,38.45285132722331,26.654080579345894,0.4981684981684964,32.0
0.9000561330467463,-0.356918170622167,38.54076867807149,25.394832677959474,0.6153846153846132,32.0
0.9050580690382048,-0.6668595328660752,38.67264470434372,21.197339673338075,0.3809523809523796,32.0
0.9100568030262366,-0.7462380263430767,38.73858271747988,15.740598767330253,0.3809523809523796,32.0
0.9150615449761972,-0.7796661564533288,38.80452073061604,10.283857861322431,0.2637362637362628,32.0
0.9200598490424454,-1.0484479448916944,38.826500068328066,1.8888718520796304,0.146520146520146,32.0
0.9250601939857006,-1.6645962751515058,38.826500068328066,-2.3086211525417704,0.146520146520146,32.0
0.9300557960523292,-2.433221289992529,38.78254139290402,-3.9876183543903307,0.0293040293040292,32.0
0.935057056020014,-2.967447243994782,38.71660337976786,-9.864108560860291,-0.3809523809523796,32.0
0.9400586970150471,-2.960506435874837,38.67264470434372,-16.160348067792494,-0.4981684981684964,32.0
0.9450564780272543,-2.4170001399497547,38.56274801578351,-22.456587574724594,-0.73260073260073,32.0
0.9500599110033363,-1.6466540247491903,38.40889265179916,-31.691072184891677,-1.2014652014651972,32.0
0.9550599519861862,-1.0378041008621286,38.21107861239077,-40.08605819413448,-1.1428571428571388,32.0
0.9600563540589064,-0.7771363357020561,37.99128523527036,-45.12304979968026,-1.1428571428571388,32.0
0.9650590979726985,-0.7460229716118221,37.70555384501378,-49.32054280430166,-1.2014652014651972,32.0
0.970057851052843,-0.6625197468143433,37.463781130181246,-52.25878790753664,-1.1428571428571388,32.0
0.975057121948339,-0.3473721899265292,37.265967090772854,-50.16004140522594,-0.7912087912087884,32.0
0.9800568709615618,0.10517892567591264,37.0022150382283,-48.48104420337738,-0.6153846153846132,32.0
0.9850613649468869,0.39461456324453553,36.760442323395765,-51.8390386070745,-0.2051282051282044,32.0
0.9900580550311133,0.2658981782797593,36.49669027085132,-49.7402921047638,0.0293040293040292,32.0
0.9950562020530924,-0.25674621900921774,36.25491755601878,-51.41928930661236,-0.146520146520146,32.0
1.000056553981267,-0.8519520379143902,35.99116550347423,-50.57979070568808,-0.439560439560438,32.0
1.0050618479726836,-1.1148639781134566,35.77137212635381,-48.06129490291524,-0.8498168498168468,32.0
1.0100599300349131,-0.8440106594638319,35.5515787492333,-42.60455399690742,-0.9670329670329636,32.0
1.0150563200004399,-0.176771849102633,35.221888683552685,-49.32054280430166,-0.6739926739926716,32.0
1.0200592930195853,0.5351176761326979,35.090012657280354,-50.99954000615022,-0.6153846153846132,32.0
1.0250652210088447,0.9962852902333037,34.84823994244792,-45.96254840060454,-0.2637362637362628,32.0
1.0300557810114697,1.1809030356933574,34.62844656532741,-43.86380189829384,0.146520146520146,32.0
1.0350580089725554,1.3143046683242219,34.408653188207,-40.50580749459672,0.146520146520146,32.0
1.0400581440189853,1.6419898085749258,34.18885981108648,-42.60455399690742,-0.0293040293040292,32.0
1.0450585080543533,2.188478352058043,34.013025109390114,-36.72806379043736,-0.146520146520146,32.0
1.0500562159577385,2.7001349990698746,33.859169745405865,-22.876336875186734,-0.146520146520146,32.0
1.0550563590368256,2.829177607591013,33.77125239455768,-13.222102964557411,0.0293040293040292,32.0
1.0600815620273352,2.40678416383484,33.74927305684566,-6.9258634576253115,0.2051282051282044,32.0
1.0650594279868528,1.6108377063611306,33.77125239455768,7.7653620585495915,0.3809523809523796,32.0
1.070056522032246,0.8328870393425103,33.859169745405865,19.098593171027375,0.4981684981684964,32.0
1.0750564920017496,0.428305355193517,33.94708709625405,19.938091771951655,0.6153846153846132,32.0
1.080083929002285,0.4671091620565879,34.05698378481426,25.394832677959474,0.4981684981684964,32.0
1.0850569900358096,0.7140277319760311,34.232818486510624,26.654080579345894,0.5567765567765548,32.0
1.0900596840074286,0.8530552688988952,34.34271517507083,26.234331278883754,0.6739926739926716,32.0
1.095060084015131,0.7422776395076955,34.47459120134316,27.493579180270377,0.7912087912087884,32.0
1.1000603579450399,0.5228499834646286,34.60646722761539,22.456587574724495,0.9670329670329636,32.0
1.1050584759796038,0.4767699872125021,34.716363916175595,24.555334077035194,1.025641025641022,32.0
1.1100563160143793,0.760977971349539,34.8262606047358,24.975083377497334,0.73260073260073,32.0
1.1150603879941627,1.2387651649530018,34.98011596872015,23.715835476110914,0.5567765567765548,32.0
1.1200581359444186,1.5474243291703602,35.04605398185631,21.617088973800215,0.4981684981684964,32.0
1.1250609749695286,1.3637999556254554,35.17793000812854,22.876336875186635,0.6153846153846132,32.0
1.1300590579630807,0.650893162610498,35.309806034400864,26.654080579345894,0.6153846153846132,32.0
1.1350560380378738,-0.30499595054572576,35.441682060673095,27.073829879808237,0.4981684981684964,32.0
1.1400578590109944,-1.0998572148812864,35.573558086945425,27.073829879808237,0.2637362637362628,32.0
1.1450611329637468,-1.4941191118352997,35.74939278864169,25.814581978421614,0.2051282051282044,32.0
1.1500559740234166,-1.5606830796851143,35.859289477202,25.814581978421614,-0.0879120879120876,32.0
1.155057962052524,-1.5789922006179147,35.99116550347423,24.555334077035194,-0.3223443223443212,32.0
1.1600561699597165,-1.7717071362736452,36.10106219203443,20.357841072413795,-0.3809523809523796,32.0
1.165056069032289,-2.1037420089311722,36.18897954288261,13.222102964557411,-0.3809523809523796,32.0
1.1700568799860775,-2.3063022055308693,36.21095888059464,2.3086211525417704,-0.3809523809523796,32.0
1.1750565300462767,-2.1086353062010645,36.21095888059464,-3.1481197534660503,-0.73260073260073,32.0
1.1800569019978866,-1.4877082239803265,36.18897954288261,-6.9258634576253115,-0.8498168498168468,32.0
1.1850579909514636,-0.7288921422668255,36.12304152974655,-11.543105762708851,-0.9670329670329636,32.0
1.1900572529993951,-0.24176960003003237,36.03512417889837,-16.999846668716774,-0.9084249084249052,32.0
1.1950574039947242,-0.26919790250312514,35.947206828050184,-16.160348067792494,-0.8498168498168468,32.0
1.2000566200586036,-0.71951034971178,35.881268814914016,-14.481350865943934,-0.73260073260073,32.0
1.2050566639518365,-1.2492866785560537,35.815330801777854,-14.901100166406074,-0.73260073260073,32.0
1.210055010044016,-1.5293626153080333,35.72741345092967,-13.222102964557411,-0.8498168498168468,32.0
1.2150580049492419,-1.4828497029765535,35.661475437793506,-14.901100166406074,-1.1428571428571388,32.0
1.2200573310256004,-1.307593522727001,35.52959941152128,-19.518342471489614,-1.1428571428571388,32.0
1.2250560780521482,-1.2729291082942353,35.46366139838511,-22.456587574724594,-1.0842490842490804,32.0
1.2300560380099341,-1.4622306068352722,35.35376470982491,-25.394832677959577,-0.9084249084249052,32.0
1.2350576949538663,-1.6759162565935473,35.221888683552685,-25.814581978421717,-0.7912087912087884,32.0
1.2400575580541044,-1.5781625505070676,35.11199199499237,-23.715835476111014,-0.8498168498168468,32.0
1.2450413990300149,-0.9761197658206919,34.89219861787196,-33.78981868720238,-0.7912087912087884,32.0
1.2500568239483982,0.012019126105719391,34.804281267023775,-34.20956798766452,-0.73260073260073,32.0
1.255057274014689,0.9926770422506789,34.62844656532741,-34.20956798766452,-0.4981684981684964,32.0
1.260056789033115,1.5858667219983138,34.430632525919016,-40.50580749459672,-0.2637362637362628,32.0
1.2650556559674442,1.6733071368891108,34.232818486510624,-37.1478130908995,-0.146520146520146,32.0
1.2700556230265647,1.4565547252894775,34.05698378481426,-35.88856518951308,-0.146520146520146,32.0
1.2751184799708426,1.2700115673733987,33.92510775854203,-24.135584776573154,-0.0879120879120876,32.0
1.280117186019197,1.3126293418143946,33.7932317322697,-18.678843870565334,-0.146520146520146,32.0
1.2850876840529963,1.4874305473240277,33.74927305684566,-9.444359260398151,-0.2051282051282044,32.0
1.2900564570445567,1.5269756681437106,33.74927305684566,4.407367654852471,-0.2051282051282044,32.0
1.295108400983736,1.234482382547924,33.7932317322697,6.506114157163171,0.0293040293040292,32.0
1.3000939820194617,0.7027929234889442,33.837190407693846,11.962855063170991,0.146520146520146,32.0
1.3051102090394124,0.2599890070337004,33.92510775854203,17.41959596917881,0.3809523809523796,32.0
1.3100562440231442,0.247454002957159,34.013025109390114,18.259094570103095,0.3223443223443212,32.0
1.3150725279701874,0.7469079325054845,34.1009424602383,20.357841072413795,0.2637362637362628,32.0
1.3200119939865544,1.4981269400265527,34.25479782422265,19.098593171027375,0.3809523809523796,32.0
1.3250565639464185,2.1183259891005024,34.32073583735881,19.518342471489515,0.6153846153846132,32.0
1.3300601430237293,2.3054097550290997,34.430632525919016,23.296086175648774,0.9084249084249052,32.0
1.3350618080003187,2.0961155908114635,34.5185498767672,21.617088973800215,1.2600732600732556,32.0
1.340057670022361,1.765080539643671,34.69438457846357,23.715835476110914,1.5531135531135476,32.0
1.3450725199654698,1.5768064919110618,34.78230192931176,25.394832677959474,1.4358974358974308,32.0
1.3500575929647312,1.5608694987394316,34.91417795558399,31.69107218489178,1.0842490842490804,32.0
1.355095489998348,1.4878906529354734,35.090012657280354,35.46881588905104,0.9084249084249052,32.0
1.360057165962644,1.0857374158129958,35.33178537211289,42.18480469644528,0.7912087912087884,32.0
1.3650573740014806,0.2836790681864517,35.50762007380926,43.86380189829384,0.5567765567765548,32.0
1.3700580849545076,-0.671960972768071,35.70543411321765,44.70330049921812,0.4981684981684964,32.0
1.3750562970526516,-1.3747297461012293,35.947206828050184,48.90079350383952,0.4981684981684964,32.0
1.3800571030005813,-1.5450144770905136,36.23293821830676,48.48104420337738,0.3223443223443212,32.0
1.3850563879823312,-1.227965706450909,36.40877292000313,46.80204700152882,0.2637362637362628,32.0
1.3900620579952374,-0.7508807394922761,36.62856629712354,35.88856518951318,0.2051282051282044,32.0
1.3950587559957057,-0.4741626229576117,36.78242166110789,30.8515735839675,0.0293040293040292,32.0
1.4000585420290008,-0.5271388298555698,36.892318349668095,20.777590372875935,0.0879120879120876,32.0
1.405056559946388,-0.7471103042068835,37.0022150382283,14.481350865943833,-0.0293040293040292,32.0
1.4100561420200393,-0.8526744524410637,37.04617371365244,10.703607161784571,-0.0879120879120876,32.0
1.4150582590373233,-0.7084798616927173,37.09013238907649,6.086364856701031,-0.2637362637362628,32.0
1.4200617499882355,-0.46138501072207955,37.13409106450063,5.666615556238891,-0.3223443223443212,32.0
1.4250592649914324,-0.43226918371945455,37.13409106450063,-1.4691225516174902,-0.2051282051282044,32.0
1.4300572409993038,-0.8473638046802763,37.13409106450063,-1.8888718520796304,-0.2637362637362628,32.0
1.4350589220412076,-1.631241266842444,37.112111726788505,-1.4691225516174902,-0.2051282051282044,32.0
1.4400476739974692,-2.4238611089886035,37.112111726788505,-3.5678690539281908,-0.3809523809523796,32.0
1.4450578070245683,-2.832320332032385,37.09013238907649,-5.666615556238891,-0.7912087912087884,32.0
1.4500577140133828,-2.6915567012536465,37.06815305136447,-9.864108560860291,-1.025641025641022,32.0
1.4550574909662828,-2.1748175165749557,37.0022150382283,-11.962855063170991,-1.2600732600732556,32.0
1.4600589369656518,-1.6313174545906017,36.91429768738012,-22.456587574724594,-1.2014652014651972,32.0
1.4650585990166292,-1.3096551573956603,36.78242166110789,-26.654080579345997,-0.9084249084249052,32.0
1.4700591280125082,-1.1783485444048953,36.540648946275354,-38.40706099228592,-0.5567765567765548,32.0
1.4750605459557846,-0.9886205941976581,36.43075225771515,-37.98731169182378,-0.5567765567765548,32.0
1.4800742010120302,-0.5185592250955647,36.21095888059464,-45.96254840060454,-0.7912087912087884,32.0
1.485057672020048,0.19393557889310323,35.9691861657622,-47.6415456024531,-0.9670329670329636,32.0
1.4900567620061338,0.8559888994289331,35.70543411321765,-43.86380189829384,-1.025641025641022,32.0
1.49506464402657,1.1146517400832596,35.52959941152128,-46.80204700152882,-0.7912087912087884,32.0
1.5000574439764023,0.8407368442818339,35.28782669668875,-43.86380189829384,-0.2637362637362628,32.0
1.5050617400556803,0.2419189943759027,35.090012657280354,-40.92555679505886,0.0293040293040292,32.0
1.5100637930445373,-0.27450749878804553,34.89219861787196,-37.1478130908995,0.2051282051282044,32.0
1.5150600819615647,-0.39194808662957614,34.76032259159974,-30.431824283505257,0.146520146520146,32.0
1.5200600000098348,-0.09515229007792088,34.62844656532741,-29.172576382118837,-0.0293040293040292,32.0
1.5250587060581893,0.3571340854555418,34.45261186363104,-35.88856518951308,-0.2051282051282044,32.0
1.530058118980378,0.666861372863802,34.32073583735881,-31.691072184891677,-0.3223443223443212,32.0
1.5350586839485914,0.7462412609684225,34.144901135662444,-30.431824283505257,-0.3223443223443212,32.0
1.5400588769698516,0.7796073752866021,34.013025109390114,-26.654080579345997,-0.439560439560438,32.0
1.545057074050419,1.0481989543372656,33.90312842082991,-19.098593171027474,-0.3809523809523796,32.0
1.5500562520464882,1.664005799666384,33.837190407693846,-13.641852265019654,-0.3809523809523796,32.0
1.5550602920120582,2.433868341843612,33.7932317322697,-8.604860659473871,-0.3223443223443212,32.0
1.5600571519462392,2.9674528696602236,33.7932317322697,3.1481197534660503,-0.146520146520146,32.0
1.5650642990367487,2.960162821730755,33.837190407693846,11.962855063170991,0.3223443223443212,32.0
1.5700579549884424,2.4167859574420376,33.92510775854203,24.975083377497334,0.9084249084249052,32.0
1.575057559995912,1.6470042571252845,34.03500444710224,26.234331278883754,1.0842490842490804,32.0
1.5800570469582453,1.0380596441089953,34.18885981108648,32.9503200862782,1.0842490842490804,32.0
1.585060797049664,0.7770436867789908,34.364694512782854,37.98731169182388,1.0842490842490804,32.0
1.5900573310209438,0.7460264920761497,34.56250855219125,38.40706099228602,1.1428571428571388,32.0
1.595066054025665,0.6622074101552302,34.8262606047358,36.72806379043746,0.9670329670329636,32.0
1.6000592489726841,0.3471921289758859,34.95813663100813,41.345306095521,0.7912087912087884,32.0
1.6050885890144855,-0.10788451000989702,35.155950670416516,40.08605819413458,0.5567765567765548,32.0
1.610058291000314,-0.39455029308254386,35.35376470982491,37.98731169182388,0.146520146520146,32.0
1.615060298005119,-0.2657373396966184,35.5515787492333,37.56756239136174,-0.0293040293040292,32.0
1.620060055050999,0.2572313869574198,35.72741345092967,35.0490665885889,-0.0293040293040292,32.0
1.6250599980121478,0.8522880452893073,35.92522749033806,33.37006938674034,0.146520146520146,32.0
1.630056553054601,1.1148623389967527,36.167000205170595,40.08605819413458,0.3809523809523796,32.0
1.6350594280520454,0.844062676329072,36.2768968937308,36.72806379043746,0.5567765567765548,32.0
1.6400580110494047,0.17651706757068275,36.47471093313919,36.72806379043746,0.8498168498168468,32.0
1.6450571099994704,-0.5348484692719102,36.65054563483556,36.72806379043746,0.9670329670329636,32.0
1.6500556439859793,-0.9957083136807111,36.80440099881991,28.333077781194657,0.5567765567765548,32.0
1.6550621560309082,-1.181043887467333,37.024194375940326,25.394832677959474,0.146520146520146,32.0
1.6600578760262579,-1.3142993011540216,37.112111726788505,25.814581978421614,-0.146520146520146,32.0
1.6650594969978556,-1.642113925836425,37.22200841534882,22.876336875186635,-0.3809523809523796,32.0
1.6700561450561509,-2.1882001904057553,37.3099257661969,13.641852265019553,-0.4981684981684964,32.0
1.6750557359773666,-2.7000992918942432,37.397843117045085,12.802353664095271,-0.6153846153846132,32.0
1.6800582710420713,-2.829122404367202,37.44180179246923,8.185111359011731,-0.9670329670329636,32.0
1.6850643410580233,-2.4090752460537064,37.44180179246923,-1.0493732511553502,-1.2600732600732556,32.0
1.6900581390364096,-1.6110598572108739,37.397843117045085,-9.024609959936011,-1.318681318681314,32.0
1.6950878469506279,-0.8289371050418662,37.35388444162104,-13.222102964557411,-1.318681318681314,32.0
1.7000613720156252,-0.42814379697502114,37.28794642848488,-17.419595969178914,-1.0842490842490804,32.0
1.7050561819924042,-0.4660044820735709,37.178049739924674,-19.938091771951754,-0.8498168498168468,32.0
1.7100553839700297,-0.7139508705611258,37.09013238907649,-14.481350865943934,-0.6739926739926716,32.0
1.715060324058868,-0.8530569613847206,37.024194375940326,-17.419595969178914,-0.6153846153846132,32.0
1.72005993896164,-0.7422836911552688,36.892318349668095,-18.259094570103194,-0.4981684981684964,32.0
1.7250636130338535,-0.522734022615768,36.78242166110789,-20.777590372876034,-0.3809523809523796,32.0
1.730091226985678,-0.47753357774258465,36.738462985683746,-24.135584776573154,-0.2637362637362628,32.0
1.7350595140596852,-0.7612524468094589,36.60658695941152,-24.975083377497437,-0.2051282051282044,32.0
1.7400605579605326,-1.2387808163601526,36.47471093313919,-27.073829879808137,-0.2051282051282044,32.0
1.7450590919470415,-1.5474431722058846,36.2768968937308,-31.691072184891677,-0.5567765567765548,32.0
1.7500596849713475,-1.3639218619534472,36.18897954288261,-27.493579180270277,-0.7912087912087884,32.0
1.7550585080171004,-0.6509923991646549,36.03512417889837,-30.012074983043117,-1.025641025641022,32.0
1.7600590119836852,0.3055537232194044,35.881268814914016,-30.851573583967397,-1.1428571428571388,32.0
1.765057430951856,1.0998050895441829,35.70543411321765,-35.0490665885888,-1.0842490842490804,32.0
1.7700583999976516,1.4940133644762752,35.52959941152128,-34.20956798766452,-0.73260073260073,32.0
1.775060786982067,1.5606746621341592,35.37574404753693,-32.9503200862781,-0.2051282051282044,32.0
1.7800904740579426,1.5795578080223132,35.2438680212647,-26.654080579345997,0.146520146520146,32.0
1.7850587250432,1.7718568355500701,35.11199199499237,-12.382604363633131,0.3223443223443212,32.0
1.7900898259831592,2.105913000750081,35.090012657280354,-6.086364856701031,0.3223443223443212,32.0
1.795090185943991,2.306513932663384,35.090012657280354,-0.20987465023107005,0.439560439560438,32.0
1.8000934040173888,2.10542560867431,35.11199199499237,2.3086211525417704,0.6739926739926716,32.0
1.8050955689977854,1.4818483510706293,35.155950670416516,11.543105762708851,0.7912087912087884,32.0
1.8100696869660169,0.727287156228025,35.2438680212647,19.098593171027375,0.7912087912087884,32.0
1.8150948620168492,0.23994796254872278,35.37574404753693,18.678843870565235,0.6153846153846132,32.0
1.8200578530086204,0.2692232500532141,35.441682060673095,17.83934526964095,0.3809523809523796,32.0
1.8250613330164924,0.7200347050162671,35.5515787492333,19.098593171027375,0.2051282051282044,32.0
1.8300721369450912,1.250659276348715,35.661475437793506,23.715835476110914,0.2637362637362628,32.0
1.835063877981156,1.529544978084806,35.77137212635381,24.975083377497334,0.3809523809523796,32.0
1.8400607210351154,1.4827631875821492,35.90324815262604,24.135584776573054,0.6739926739926716,32.0
1.8450594750465825,1.3075328334627265,36.07908285432241,34.62931728812676,0.73260073260073,32.0
1.850057204021141,1.2729489223995085,36.21095888059464,33.37006938674034,0.7912087912087884,32.0
1.8550600040471181,1.462432570081623,36.386793582291006,34.62931728812676,0.9670329670329636,32.0
1.8600571369752288,1.6759038178818966,36.60658695941152,37.56756239136174,1.2014652014651972,32.0
1.8650575809879228,1.5781609771876863,36.87033901195608,36.30831448997532,0.9670329670329636,32.0
1.870056138955988,0.9736327849966625,37.0022150382283,40.50580749459672,0.9670329670329636,32.0
1.8750584160443395,-0.012355871890269174,37.20002907763669,43.86380189829384,0.7912087912087884,32.0
1.8800567099824548,-0.9925828516905888,37.44180179246923,48.48104420337738,0.2637362637362628,32.0
1.885059128049761,-1.5860213877009597,37.7275331827258,44.70330049921812,0.2637362637362628,32.0
1.8900584370130673,-1.6732410616797317,37.92534722213419,47.22179630199096,0.0879120879120876,32.0
1.8950615470530465,-1.4562541895830963,38.16711993696673,42.60455399690742,0.0293040293040292,32.0
1.9000569330528378,-1.271005211738005,38.36493397637512,37.98731169182388,0.0293040293040292,32.0
1.9050561209442094,-1.3108459663693333,38.51878934035947,33.37006938674034,-0.0293040293040292,32.0
1.9100577969802544,-1.4865005553597093,38.65066536663169,24.975083377497334,-0.0879120879120876,32.0
1.9150627079652622,-1.5268366053604758,38.73858271747988,11.543105762708851,-0.146520146520146,32.0
1.9200578080490232,-1.2390510873303264,38.78254139290402,8.185111359011731,-0.2051282051282044,32.0
1.9250585349509493,-0.7067207358097667,38.7605620551919,-6.506114157163171,-0.2051282051282044,32.0
1.9300582200521603,-0.26279109045703447,38.694624042055835,-12.802353664095271,-0.2051282051282044,32.0
1.935060512041673,-0.2476732350834383,38.65066536663169,-19.098593171027474,-0.0293040293040292,32.0
1.9400579370558262,-0.7448844356548808,38.58472735349553,-14.901100166406074,-0.0879120879120876,32.0
1.9450584390433505,-1.5051339792745573,38.51878934035947,-13.641852265019654,-0.0879120879120876,32.0
1.9500574109843,-2.1183976923770795,38.43087198951128,-16.160348067792494,-0.3809523809523796,32.0
1.9550159720238298,-2.30577369522448,38.36493397637512,-15.320849466868214,-0.5567765567765548,32.0
1.9600582730490714,-2.0963452958952087,38.27701662552693,-24.135584776573154,-0.9670329670329636,32.0
1.965057982946746,-1.765062441771364,38.14514059925471,-24.135584776573154,-1.318681318681314,32.0
1.970058263046667,-1.5770387852323131,37.92534722213419,-35.0490665885888,-1.318681318681314,32.0
1.9750582269625738,-1.560870470007861,37.81545053357399,-35.88856518951308,-1.1428571428571388,32.0
1.9800578879658133,-1.489417373409898,37.595657156453576,-45.96254840060454,-1.318681318681314,32.0
1.985060621984303,-1.085309668671411,37.37586377933306,-44.70330049921812,-1.318681318681314,32.0
1.9900590280303732,-0.28336752444889884,37.13409106450063,-46.80204700152882,-1.025641025641022,32.0
1.9950585589976981,0.6720459371118902,36.892318349668095,-54.77728371030948,-0.73260073260073,32.0
2.0000607159454376,1.375135544558812,36.62856629712354,-54.35753440984734,-0.0879120879120876,32.0
2.0050604819552973,1.5449396870514214,36.29887623144282,-55.19703301077162,-0.0293040293040292,32.0
2.01005795202218,1.2278204512728306,36.05710351661039,-52.25878790753664,-0.146520146520146,32.0
2.0150597649626434,0.7510751682269897,35.881268814914016,-44.28355119875598,-0.2637362637362628,32.0
2.0200582860270515,0.4741726829508861,35.68345477550563,-38.40706099228592,-0.3223443223443212,32.0
2.025058220955543,0.5271271110042071,35.50762007380926,-34.20956798766452,-0.3223443223443212,32.0
2.0300566910300404,0.747115696472145,35.35376470982491,-30.431824283505257,-0.2051282051282044,32.0
2.0350590989692137,0.8526627895991763,35.221888683552685,-23.296086175648874,-0.146520146520146,32.0
2.040057788020931,0.7085026669068482,35.11199199499237,-17.419595969178914,0.0879120879120876,32.0
2.045057425973937,0.46155218820389393,35.068033319568336,-12.802353664095271,0.2637362637362628,32.0
2.0500574100296944,0.4322036706415756,35.02407464414429,-9.444359260398151,0.146520146520146,32.0
2.05505781294778,0.8474371059957999,35.00209530643217,-5.246866255776751,0.0293040293040292,32.0
2.0600579240126535,1.6310691648871285,35.00209530643217,-1.8888718520796304,0.0293040293040292,32.0
2.0650596750201657,2.425433142749637,35.00209530643217,2.7283704530039103,0.2051282051282044,32.0
2.070059778052382,2.832371939313477,35.02407464414429,6.506114157163171,0.5567765567765548,32.0
2.075059561058879,2.691415940375145,35.068033319568336,7.3456127580874515,0.7912087912087884,32.0
2.080058610998094,2.1746855622543877,35.1339713327045,15.740598767330253,1.025641025641022,32.0
2.085064515005797,1.6308123769687777,35.221888683552685,19.938091771951655,1.025641025641022,32.0
2.0900595269631594,1.3096186205099694,35.35376470982491,28.752827081656797,0.9084249084249052,32.0
2.0950602759839967,1.1783228680250615,35.50762007380926,28.752827081656797,0.6153846153846132,32.0
2.1000637309625745,0.9884240131945291,35.68345477550563,32.11082148535392,0.5567765567765548,32.0
2.1050612529506907,0.5201738031717871,35.92522749033806,39.2465595932103,0.6739926739926716,32.0
2.110060472972691,-0.1943570272544134,36.05710351661039,42.18480469644528,0.6739926739926716,32.0
2.115057584946044,-0.8560725571530483,36.29887623144282,44.28355119875598,0.6739926739926716,32.0
2.120058745960705,-1.1146696623195074,36.518669608563336,45.12304979968026,0.73260073260073,32.0
2.1250606540124863,-0.8404184393104543,36.71648364797173,37.98731169182388,0.4981684981684964,32.0
2.130058999056928,-0.24226303258931728,36.93627702509214,28.752827081656797,0.0879120879120876,32.0
2.1350587899796665,0.2741589734533466,37.024194375940326,27.493579180270377,0.0293040293040292,32.0
2.1400585250230506,0.39198391840109736,37.13409106450063,22.456587574724495,-0.0879120879120876,32.0
2.1450570659944788,0.09540508848770479,37.243987753060836,22.036838274262355,-0.0879120879120876,32.0
2.1500555999809876,-0.35687343290724,37.37586377933306,21.617088973800215,-0.0879120879120876,32.0
2.1550557470181957,-0.6667739554814044,37.48576046789327,23.296086175648774,-0.146520146520146,32.0
2.160056386026554,-0.7462373081675342,37.595657156453576,20.777590372875935,-0.146520146520146,32.0
2.165056679979898,-0.7795590251850344,37.70555384501378,19.098593171027375,-0.0879120879120876,32.0
2.1700554830022156,-1.0480562472504715,37.79347119586197,16.58009736825453,-0.146520146520146,32.0
2.175057695945725,-1.6642220734980169,37.85940920899803,13.641852265019553,-0.0879120879120876,32.0
2.18005602597259,-2.4332543845384325,37.903367884422174,10.283857861322431,-0.2637362637362628,32.0
2.1850585440406576,-2.967534486481779,37.903367884422174,-3.5678690539281908,-0.439560439560438,32.0
2.190062128007412,-2.960296071486387,37.903367884422174,-8.185111359011731,-0.73260073260073,32.0
2.1950583739671856,-2.4167251952590645,37.837429871286005,-11.962855063170991,-1.0842490842490804,32.0
2.2000365359708667,-1.6501379929016708,37.77149185814994,-17.419595969178914,-1.4358974358974308,32.0
2.2050585789838806,-1.0379248623263515,37.66159516958964,-22.036838274262454,-1.4358974358974308,32.0
2.210057009011507,-0.777122665928372,37.529719143317415,-24.555334077035297,-1.318681318681314,32.0
2.2150554950349033,-0.7460301418537506,37.397843117045085,-26.234331278883857,-1.1428571428571388,32.0
2.22005620400887,-0.6625823761372065,37.243987753060836,-26.654080579345997,-0.9084249084249052,32.0
2.2250570920296013,-0.3473747224624475,37.04617371365244,-26.234331278883857,-0.6739926739926716,32.0
2.230055731954053,0.10508164132931364,36.95825636280426,-27.493579180270277,-0.5567765567765548,32.0
2.235056458041072,0.39451188968079365,36.82638033653193,-29.592325682580977,-0.3223443223443212,32.0
2.240056178998202,0.2660326391142525,36.65054563483556,-32.530570785815954,0.0293040293040292,32.0
2.2450601409655064,-0.2572422058189173,36.49669027085132,-35.0490665885888,0.0879120879120876,32.0
2.2500564659712836,-0.8519434492794563,36.34283490686696,-31.691072184891677,0.0293040293040292,32.0
2.255059481947683,-1.114863323956446,36.21095888059464,-28.333077781194557,-0.3223443223443212,32.0
2.260058650979772,-0.844143190436525,36.05710351661039,-30.431824283505257,-0.6739926739926716,32.0
2.2650569879915565,-0.17667120688421709,35.92522749033806,-28.333077781194557,-0.9670329670329636,32.0
2.2700556500349194,0.5346683992175751,35.815330801777854,-25.814581978421717,-0.9670329670329636,32.0
2.275056064943783,0.9957336977341505,35.68345477550563,-25.814581978421717,-0.9084249084249052,32.0
2.2800610599806532,1.1810196771861798,35.5515787492333,-23.715835476111014,-0.5567765567765548,32.0
2.2850586279528216,1.3143296591574822,35.37574404753693,-19.938091771951754,-0.146520146520146,32.0
2.290055806050077,1.6417753742635988,35.33178537211289,-18.678843870565334,0.0879120879120876,32.0
2.2950556740397587,2.1881447437714296,35.26584735897672,-11.962855063170991,0.146520146520146,32.0
2.300057018059306,2.7001946615823167,35.26584735897672,-3.1481197534660503,0.2637362637362628,32.0
2.3050571880303323,2.8291536833717927,35.35376470982491,14.901100166405973,0.6153846153846132,32.0
2.3100555839482695,2.4102384717777348,35.37574404753693,12.802353664095271,0.7912087912087884,32.0
2.3150559529894963,1.6114366265765534,35.41970272296108,18.259094570103095,0.9084249084249052,32.0
2.3200791249983013,0.8300353222686067,35.52959941152128,19.938091771951655,0.9084249084249052,32.0
2.325055834953673,0.4283271417060259,35.661475437793506,26.234331278883754,0.6153846153846132,32.0
2.330056222039275,0.4660060716142567,35.793351464065836,29.592325682581077,0.5567765567765548,32.0
2.3350577269447967,0.7140629938468047,35.9691861657622,35.0490665885889,0.439560439560438,32.0
2.340060463990085,0.8530573308013623,36.14502086745858,37.56756239136174,0.5567765567765548,32.0
2.3450562469661236,0.7424376870291914,36.40877292000313,37.98731169182388,0.7912087912087884,32.0
2.350056048016995,0.5230036430420291,36.540648946275354,37.56756239136174,0.9670329670329636,32.0
2.3550576439592987,0.4767507888340048,36.71648364797173,35.46881588905104,0.9670329670329636,32.0
2.3600563199725,0.7609783110050726,36.892318349668095,37.1478130908996,0.6739926739926716,32.0
2.3650566439609975,1.238420344065906,37.06815305136447,31.69107218489178,0.4981684981684964,32.0
2.3700574019458145,1.5474098490158044,37.22200841534882,34.62931728812676,0.439560439560438,32.0
2.3750554090365767,1.364325676352137,37.48576046789327,38.40706099228602,0.2051282051282044,32.0
2.380058952025138,0.6509122791208042,37.617636494165595,41.345306095521,0.4981684981684964,32.0
2.38505574001465,-0.30494005191121043,37.81545053357399,43.4440525978317,0.73260073260073,32.0
2.3900580330519006,-1.0998784071763665,38.0352439106944,45.12304979968026,0.6739926739926716,32.0
2.3950555169722065,-1.4939016985932396,38.27701662552693,43.86380189829384,0.4981684981684964,32.0
2.4000581189757213,-1.5606793332121252,38.51878934035947,40.08605819413458,0.3223443223443212,32.0
2.4050564089557156,-1.5789653923333256,38.71660337976786,36.72806379043746,0.0293040293040292,32.0
2.4100589529844,-1.7718701923986933,38.826500068328066,26.234331278883754,-0.146520146520146,32.0
2.415056918049231,-2.10379668385999,38.914417419176246,16.99984666871667,-0.2637362637362628,32.0
2.4200573470443487,-2.306305304606155,38.980355432312415,8.604860659473871,-0.3809523809523796,32.0
2.425056083011441,-2.108674067666438,38.980355432312415,-3.5678690539281908,-0.6153846153846132,32.0
2.430056106997654,-1.4878286108903997,38.95837609460029,-7.7653620585495915,-0.7912087912087884,32.0
2.435057719005272,-0.7289294787859317,38.89243808146423,-10.283857861322431,-0.73260073260073,32.0
2.4400593159953132,-0.24166887559609435,38.78254139290402,-17.839345269641054,-0.5567765567765548,32.0
2.445058273966424,-0.26924701706086224,38.628686028919674,-28.752827081656697,-0.146520146520146,32.0
2.4500564710469916,-0.7194937720710324,38.56274801578351,-24.975083377497437,-0.0293040293040292,32.0
2.4550582129741088,-1.2494242092429726,38.43087198951128,-25.394832677959577,-0.2637362637362628,32.0
2.4600571040064096,-1.5294057761084545,38.29899596323895,-25.394832677959577,-0.3809523809523796,32.0
2.4650581820169464,-1.4828440640612328,38.189099274678746,-28.752827081656697,-0.73260073260073,32.0
2.470059841987677,-1.3075224496407665,38.0352439106944,-30.851573583967397,-0.9670329670329636,32.0
2.475058404961601,-1.2729700698182653,37.88138854671015,-33.37006938674024,-1.025641025641022,32.0
2.4800580659648404,-1.4623338738348537,37.70555384501378,-33.78981868720238,-1.2014652014651972,32.0
2.4850649680010974,-1.6760780211515727,37.50773980560539,-40.50580749459672,-1.2014652014651972,32.0
2.490059196949005,-1.5780500896264191,37.3099257661969,-40.92555679505886,-1.0842490842490804,32.0
2.495058397995308,-0.97325131929892,37.09013238907649,-45.96254840060454,-1.025641025641022,32.0
2.5000591980060562,0.012521265184713505,36.87033901195608,-46.38229770106668,-0.9084249084249052,32.0
2.5050611719489098,0.9933278344422937,36.62856629712354,-50.99954000615022,-0.3809523809523796,32.0
2.510058233048767,1.585962220283425,36.386793582291006,-54.35753440984734,-0.2637362637362628,32.0
2.51505815400742,1.6732477901203433,36.03512417889837,-48.90079350383952,-0.2637362637362628,32.0
2.5200582740362734,1.4564202273696447,35.90324815262604,-43.02430329736956,-0.3223443223443212,32.0
2.52505767904222,1.2709929391889714,35.68345477550563,-40.92555679505886,-0.2051282051282044,32.0
2.5300596030429006,1.3109470503283425,35.52959941152128,-33.37006938674024,-0.0879120879120876,32.0
2.535058893961832,1.4865347803228266,35.37574404753693,-27.493579180270277,0.0879120879120876,32.0
2.540058005019091,1.526941282310501,35.26584735897672,-14.481350865943934,0.2051282051282044,32.0
2.545068313018419,1.2381047017039972,35.19990934584056,-10.283857861322431,0.3223443223443212,32.0
2.5500575590413064,0.7068289370105182,35.19990934584056,0.20987465023107005,0.2637362637362628,32.0
2.5550594329833984,0.2627251578139545,35.221888683552685,5.246866255776751,0.2637362637362628,32.0
2.5600570240058005,0.2474940381654082,35.2438680212647,5.246866255776751,0.146520146520146,32.0
2.565055452985689,0.744540175138331,35.28782669668875,6.506114157163171,0.0293040293040292,32.0
2.5700576399685815,1.5050135401258773,35.309806034400864,6.506114157163171,0.0293040293040292,32.0
2.575059229042381,2.11855155012761,35.35376470982491,5.246866255776751,0.2637362637362628,32.0
2.5800553909502923,2.305450479771522,35.37574404753693,8.185111359011731,0.5567765567765548,32.0
2.5850564850261435,2.0964614605560357,35.441682060673095,13.641852265019553,0.73260073260073,32.0
2.590062560979277,1.764797747098715,35.52959941152128,16.16034806779239,0.8498168498168468,32.0
2.59505523100961,1.5770883927633048,35.63949610008149,24.975083377497334,0.7912087912087884,32.0
2.600056592025794,1.5608679636777647,35.77137212635381,32.53057078581606,0.7912087912087884,32.0
2.6050566140329465,1.4894687485581573,35.947206828050184,37.56756239136174,0.9084249084249052,32.0
2.610057129058987,1.0857419822270686,36.18897954288261,41.345306095521,0.9084249084249052,32.0
2.6150727130007,0.2807891928458303,36.36481424457899,47.22179630199096,0.9670329670329636,32.0
2.620026345946826,-0.666266900739772,36.60658695941152,49.32054280430166,1.2014652014651972,32.0
2.6250552899437025,-1.3746371991186572,36.82638033653193,45.5427991001424,0.6739926739926716,32.0
2.6300581300165504,-1.5449917698453812,37.04617371365244,39.2465595932103,0.2637362637362628,32.0
2.6350623830221593,-1.2274088502982872,37.243987753060836,38.40706099228602,-0.2051282051282044,32.0
2.6400551779661328,-0.7514642442436181,37.44180179246923,36.72806379043746,-0.4981684981684964,32.0
2.6450556110357866,-0.47423000307776547,37.595657156453576,28.333077781194657,-0.5567765567765548,32.0
2.650055228965357,-0.5270179417661828,37.77149185814994,23.715835476110914,-0.2051282051282044,32.0
2.6550571479601786,-0.7471344920888585,37.837429871286005,20.777590372875935,-0.146520146520146,32.0
2.660055103013292,-0.8526785275636496,37.94732655984622,21.617088973800215,0.0293040293040292,32.0
2.665059673949145,-0.7084113495021814,38.01326457298238,16.16034806779239,-0.0293040293040292,32.0
2.6700554749695584,-0.46162767442176184,38.07920258611854,8.604860659473871,-0.0293040293040292,32.0
2.675056983018294,-0.43218859877205446,38.101181923830566,6.086364856701031,0.0293040293040292,32.0
2.6800551570486277,-0.8470967678050387,38.123161261542585,1.8888718520796304,0.0879120879120876,32.0
2.6850554479751736,-1.6306421947029859,38.101181923830566,-3.5678690539281908,0.0293040293040292,32.0
2.6900551019934937,-2.424834392155595,38.101181923830566,-3.9876183543903307,-0.2051282051282044,32.0
2.6950567349558696,-2.8322922243653252,38.05722324840652,-4.407367654852471,-0.6153846153846132,32.0
2.70006701501552,-2.690847340548758,38.01326457298238,-11.123356462246711,-0.9670329670329636,32.0
2.7050579390488565,-2.1747647267190664,37.92534722213419,-19.098593171027474,-1.2014652014651972,32.0
2.710026321001351,-1.6342769224078357,37.81545053357399,-25.394832677959577,-1.4358974358974308,32.0
2.715057209949009,-1.3097098639973912,37.55169848102943,-36.30831448997522,-1.4945054945054892,32.0
2.720057099009864,-1.1783939187169348,37.48576046789327,-37.56756239136164,-1.3772893772893724,32.0
2.725057029980235,-0.9888374603454939,37.3099257661969,-36.30831448997522,-1.0842490842490804,32.0
2.7300606820499524,-0.520244950637574,37.06815305136447,-39.66630889367234,-0.8498168498168468,32.0
2.7350571850547567,0.19386230561956494,36.87033901195608,-38.40706099228592,-0.6739926739926716,32.0
2.740059418953024,0.856258955738942,36.65054563483556,-46.80204700152882,-0.2051282051282044,32.0
2.7450571269728243,1.1146744446305656,36.49669027085132,-40.50580749459672,-0.146520146520146,32.0
2.750058135949075,0.8406682191306495,36.2768968937308,-40.92555679505886,-0.0879120879120876,32.0
2.755059952964075,0.2421432992406226,36.05710351661039,-40.50580749459672,-0.2051282051282044,32.0
2.7600261700572446,-0.2718761269498381,35.881268814914016,-28.752827081656697,-0.3809523809523796,32.0
2.765055730007589,-0.3920481365112648,35.70543411321765,-26.654080579345997,-0.4981684981684964,32.0
2.7700582479592413,-0.09530325552713881,35.595537424657444,-26.234331278883857,-0.6739926739926716,32.0
2.7750652299728245,0.3576813481247522,35.48564073609724,-22.456587574724594,-0.6153846153846132,32.0
2.780063102953136,0.6670448667011586,35.309806034400864,-23.296086175648874,-0.3809523809523796,32.0
2.785075012012385,0.7462690135459824,35.19990934584056,-23.296086175648874,-0.2637362637362628,32.0
2.7900647539645433,0.7797369512578488,35.1339713327045,-18.678843870565334,-0.0879120879120876,32.0
2.7950646260287613,1.0488768388003986,35.068033319568336,-12.802353664095271,0.146520146520146,32.0
2.80006500298623,1.6653167747896132,35.02407464414429,-7.3456127580874515,0.0879120879120876,32.0
2.8050644929753616,2.4344727606465355,35.00209530643217,-1.0493732511553502,0.2051282051282044,32.0
2.810097081004642,2.969776316485453,35.00209530643217,-3.5678690539281908,0.439560439560438,32.0
2.8150915460428223,2.9584814484331066,35.02407464414429,3.5678690539281908,0.7912087912087884,32.0
2.8200930840102956,2.4116857311421644,35.090012657280354,14.061601565481693,1.025641025641022,32.0
2.825089319027029,1.6422764472578628,35.17793000812854,20.777590372875935,1.1428571428571388,32.0
2.8300595859764144,1.037836290220479,35.309806034400864,25.394832677959474,0.9670329670329636,32.0
2.8350864349631593,0.7765128355890657,35.50762007380926,30.431824283505357,0.6153846153846132,32.0
2.840071753016673,0.7459975295186574,35.61751676236946,33.78981868720248,0.3223443223443212,32.0
2.845096211996861,0.66105315084526,35.793351464065836,35.46881588905104,0.4981684981684964,32.0
2.850061989040114,0.34696012968828727,35.99116550347423,40.50580749459672,0.5567765567765548,32.0
2.855061113019474,-0.1055411698125536,36.21095888059464,44.28355119875598,0.6739926739926716,32.0
2.860060182050802,-0.3945898510777462,36.40877292000313,37.98731169182388,0.73260073260073,32.0
2.8650996399810538,-0.2629024236833915,36.672524972547684,34.20956798766462,0.6739926739926716,32.0
2.870073538972065,0.25892964889641285,36.84835967424395,34.20956798766462,0.439560439560438,32.0
2.8750832360237837,0.8545508341833732,36.98023570051628,32.11082148535392,0.3223443223443212,32.0
2.8800649360055104,1.114864641633453,37.13409106450063,31.27132288442964,0.2051282051282044,32.0
2.8850585280451924,0.8441559270264026,37.28794642848488,30.431824283505357,0.2051282051282044,32.0
2.8900580960325897,0.17650426348232254,37.463781130181246,36.30831448997532,0.0879120879120876,32.0
2.8950940479990095,-0.5393965122790311,37.63961583187762,35.88856518951318,0.2637362637362628,32.0
2.900058681028895,-0.9958914019660473,37.81545053357399,33.37006938674034,0.2637362637362628,32.0
2.9050726200221106,-1.1812748939486066,37.99128523527036,35.0490665885889,0.3223443223443212,32.0
2.9100754579994828,-1.3150104240047396,38.21107861239077,32.53057078581606,0.2637362637362628,32.0
2.915060125058517,-1.6421715478865204,38.29899596323895,27.073829879808237,0.146520146520146,32.0
2.9200599410105497,-2.1886470305268517,38.40889265179916,17.83934526964095,0.0879120879120876,32.0
2.9250585669651628,-2.7003098443234843,38.496810002647344,16.16034806779239,-0.0293040293040292,32.0
2.930061219027266,-2.829037124499602,38.54076867807149,9.444359260398151,-0.3809523809523796,32.0
2.935101373004727,-2.404142644519614,38.51878934035947,-2.3086211525417704,-0.5567765567765548,32.0
2.9400883900234476,-1.605846546208763,38.474830664935325,-14.901100166406074,-0.9084249084249052,32.0
2.945094909053296,-0.8280487826090781,38.320975300951076,-26.654080579345997,-1.025641025641022,32.0
2.9500892489450052,-0.42722948377407016,38.23305795010289,-23.715835476111014,-0.8498168498168468,32.0
2.9550885210046545,-0.4672926254861244,38.07920258611854,-30.431824283505257,-0.8498168498168468,32.0
2.960089573985897,-0.7155842814151852,37.92534722213419,-32.9503200862781,-0.7912087912087884,32.0
2.9650924149900675,-0.8531360165292213,37.749512520437825,-32.530570785815954,-0.8498168498168468,32.0
2.970104441046715,-0.7404222749632199,37.57367781874145,-35.46881588905094,-0.9084249084249052,32.0
2.975089689018205,-0.5218079187505794,37.397843117045085,-32.9503200862781,-1.025641025641022,32.0
2.980089004035108,-0.4774812633069835,37.22200841534882,-32.9503200862781,-0.7912087912087884,32.0
2.985086487024091,-0.7635709055615476,37.024194375940326,-30.851573583967397,-0.6153846153846132,32.0
2.9900574210332707,-1.238491919400312,36.892318349668095,-33.78981868720238,-0.439560439560438,32.0
2.9950874419882894,-1.5479933305571125,36.71648364797173,-36.72806379043736,-0.3223443223443212,32.0
3.000091555994004,-1.3608991102602186,36.540648946275354,-36.72806379043736,-0.3809523809523796,32.0
3.0050938070053235,-0.6446165578667875,36.32085556915494,-46.38229770106668,-0.6739926739926716,32.0
3.0101058250293136,0.3143253157976562,36.10106219203443,-44.70330049921812,-0.9670329670329636,32.0
3.0150763610145077,1.102107219206981,35.793351464065836,-45.5427991001424,-1.0842490842490804,32.0
3.0200732949888334,1.4945884454129974,35.661475437793506,-43.86380189829384,-0.8498168498168468,32.0
3.025071228039451,1.5606562656886789,35.441682060673095,-43.02430329736956,-0.4981684981684964,32.0
3.0300962609471753,1.5796593661110607,35.2438680212647,-37.56756239136164,0.0879120879120876,32.0
3.0350610100431368,1.7719907466396105,35.068033319568336,-32.11082148535382,0.3223443223443212,32.0
3.0400582749862224,2.1038840600531095,34.95813663100813,-20.357841072413894,0.439560439560438,32.0
3.0450575170107186,2.306306431468728,34.84823994244792,-15.740598767330354,0.6153846153846132,32.0
3.0500567429699004,2.1086168427639045,34.804281267023775,-2.7283704530039103,0.6739926739926716,32.0
3.055056376964785,1.487787730183027,34.804281267023775,0.20987465023107005,0.73260073260073,32.0
3.0600590290268883,0.728749628776429,34.8262606047358,10.283857861322431,0.73260073260073,32.0
3.065057134954259,0.24177536631735252,34.870219280159944,10.283857861322431,0.73260073260073,32.0
3.0700563059654087,0.2691359321611248,34.936157293296105,7.3456127580874515,0.5567765567765548,32.0
3.0750571259995922,0.7195666364983535,34.98011596872015,12.802353664095271,0.439560439560438,32.0
3.0800611670129,1.2496864122275424,35.04605398185631,7.3456127580874515,0.439560439560438,32.0
3.085057007963769,1.529403797827845,35.068033319568336,8.604860659473871,0.4981684981684964,32.0
3.0900588650256395,1.4828223113100583,35.1339713327045,8.185111359011731,0.6739926739926716,32.0
3.0950566610554233,1.3076124930580146,35.17793000812854,13.222102964557411,0.6739926739926716,32.0
3.1000566920265555,1.2729399110595043,35.26584735897672,15.740598767330253,0.6739926739926716,32.0
3.1050628919620067,1.4625796465890983,35.39772338524905,19.938091771951655,0.4981684981684964,32.0
3.1100565049564466,1.6758897237575459,35.441682060673095,16.58009736825453,0.5567765567765548,32.0
3.1150276500266045,1.580204707174475,35.5515787492333,21.617088973800215,0.439560439560438,32.0
3.120059206034057,0.9731148522581506,35.68345477550563,25.394832677959474,0.73260073260073,32.0
3.1250590910203755,-0.012498636573020395,35.83731013948987,32.9503200862782,0.7912087912087884,32.0
3.1300677380058914,-0.9944235252345628,36.01314484118625,39.2465595932103,0.6739926739926716,32.0
3.1350749840494245,-1.5870667635083238,36.29887623144282,38.40706099228602,0.439560439560438,32.0
3.1400706169661134,-1.6729505244317295,36.40877292000313,36.30831448997532,0.3223443223443212,32.0
3.145073411986232,-1.4556524527647783,36.60658695941152,30.431824283505357,0.146520146520146,32.0
3.150069880997762,-1.2707929970913026,36.71648364797173,24.975083377497334,-0.0879120879120876,32.0
3.1550690879812464,-1.311222769806688,36.78242166110789,12.802353664095271,-0.0293040293040292,32.0
3.1600732420338318,-1.4869817963068308,36.82638033653193,3.5678690539281908,0.0293040293040292,32.0
3.1650580000132322,-1.5269413935625697,36.80440099881991,-2.3086211525417704,-0.0879120879120876,32.0
3.170057484996505,-1.2390801721912095,36.78242166110789,-7.3456127580874515,-0.0879120879120876,32.0
3.175057234009728,-0.706864974698908,36.672524972547684,-15.320849466868214,-0.2637362637362628,32.0
3.180059592006728,-0.2627165155818256,36.60658695941152,-18.678843870565334,-0.2637362637362628,32.0
3.185057285008952,-0.24750743797579589,36.518669608563336,-20.777590372876034,-0.2051282051282044,32.0
3.190060665947385,-0.745262704292665,36.386793582291006,-27.073829879808137,-0.2051282051282044,32.0
3.195059141027741,-1.5052397812932117,36.2768968937308,-24.555334077035297,-0.3809523809523796,32.0
3.2000838790554553,-2.120631674256724,36.14502086745858,-27.073829879808137,-0.6739926739926716,32.0
3.2050610929727554,-2.305401568716366,35.9691861657622,-28.333077781194557,-1.2014652014651972,32.0
3.210060619050637,-2.0961928568459913,35.90324815262604,-19.518342471489614,-1.318681318681314,32.0
3.215062225004658,-1.764817167898205,35.74939278864169,-30.851573583967397,-1.611721611721606,32.0
3.22005669598002,-1.5770644152002278,35.573558086945425,-33.78981868720238,-1.611721611721606,32.0
3.225060384022072,-1.56087376849168,35.37574404753693,-40.92555679505886,-1.1428571428571388,32.0
3.2300594720290974,-1.4893534594572952,35.155950670416516,-46.38229770106668,-0.9670329670329636,32.0
3.2350604250095785,-1.0853340534543914,34.84823994244792,-51.41928930661236,-0.73260073260073,32.0
3.2400573829654604,-0.28367737983051206,34.69438457846357,-50.99954000615022,-0.4981684981684964,32.0
3.2450605330523103,0.6723997279717953,34.430632525919016,-54.77728371030948,-0.6739926739926716,32.0
3.250056813005358,1.3747771500630723,34.12292179795042,-59.81427531585516,-0.73260073260073,32.0
3.2550575700588524,1.5450041531534222,33.859169745405865,-54.35753440984734,-0.6739926739926716,32.0
3.260058118030429,1.227805032858484,33.59541769286131,-48.90079350383952,-0.5567765567765548,32.0
3.2650807979516685,0.7492935054012417,33.3756243157409,-43.02430329736956,0.0293040293040292,32.0
3.270061671966687,0.47410027523935644,33.08989292548422,-40.08605819413448,0.439560439560438,32.0
3.275057505001314,0.5271009820559257,32.979996236924016,-32.9503200862781,0.3223443223443212,32.0
3.280058605945669,0.7471944584995849,32.82614087293977,-31.271322884429537,0.3223443223443212,32.0
3.2850632920162752,0.8526460856520374,32.69426484666744,-26.234331278883857,0.2637362637362628,32.0
3.2900552259525284,0.7086266960980598,32.56238882039521,-23.715835476111014,0.0879120879120876,32.0
3.2950554280541837,0.4616294900460443,32.47447146954703,-16.160348067792494,0.146520146520146,32.0
3.300058998982422,0.43225978488288325,32.36457478098672,-18.678843870565334,0.0293040293040292,32.0
3.305057308054529,0.8473723982574134,32.29863676785066,-11.123356462246711,-0.0879120879120876,32.0
3.310061075957492,1.631612694210967,32.21071941700247,-10.703607161784571,-0.2051282051282044,32.0
3.3150595070328563,2.4254111540703094,32.188740079290454,-5.666615556238891,-0.146520146520146,32.0
3.3200588600011542,2.83234791323465,32.188740079290454,0.20987465023107005,0.146520146520146,32.0
3.3250577739672735,2.691552133088161,32.21071941700247,7.7653620585495915,0.6153846153846132,32.0
3.3300714449724182,2.17317349392386,32.276657430138634,15.320849466868113,0.9084249084249052,32.0
3.3350608709733933,1.6311423000461998,32.36457478098672,19.518342471489515,1.1428571428571388,32.0
3.3400641969637945,1.309434854526546,32.51843014497107,26.654080579345894,1.2600732600732556,32.0
3.345063491957262,1.1782509200323146,32.60634749581926,25.394832677959474,1.2014652014651972,32.0
3.350059402990155,0.9886911089718233,32.760202859803606,32.9503200862782,1.2014652014651972,32.0
3.3550596829736605,0.5203694501885711,32.914058223787855,35.0490665885889,1.0842490842490804,32.0
3.3600952660199255,-0.19959093590655796,33.08989292548422,37.56756239136174,0.7912087912087884,32.0
3.3650598149979487,-0.8562992001182068,33.28770696489271,28.333077781194657,0.5567765567765548,32.0
3.3700577990384772,-1.1146724666002032,33.44156232887696,27.913328480732517,0.146520146520146,32.0
3.3750599309569225,-0.840490171848543,33.57343835514929,24.975083377497334,-0.146520146520146,32.0
3.3800609200261533,-0.2420219180578573,33.6833350437095,25.814581978421614,-0.3223443223443212,32.0
3.3850568829802796,0.2740260148875079,33.7932317322697,18.678843870565235,-0.3809523809523796,32.0
3.3900651149451733,0.39183196439956913,33.90312842082991,22.456587574724495,-0.2051282051282044,32.0
3.3950605239951983,0.0951071370814629,34.013025109390114,23.715835476110914,0.0879120879120876,32.0
3.4000577320111915,-0.35705235314648864,34.16688047337446,25.814581978421614,0.2637362637362628,32.0
3.405084184021689,-0.6678181907630479,34.25479782422265,23.296086175648774,0.3223443223443212,32.0
3.4100577590288594,-0.7462396713604921,34.364694512782854,18.259094570103095,0.439560439560438,32.0
3.4150574730010703,-0.7795764719510214,34.45261186363104,15.740598767330253,0.3223443223443212,32.0
3.420087105012499,-1.0508996833711823,34.496570539055185,6.9258634576253115,0.2637362637362628,32.0
3.4250812199898064,-1.667747622724543,34.5185498767672,3.1481197534660503,0.2637362637362628,32.0
3.43005613097921,-2.433269498940045,34.5185498767672,-6.086364856701031,0.146520146520146,32.0
3.435079562012106,-2.968761376060672,34.47459120134316,-11.123356462246711,-0.3223443223443212,32.0
3.440079584950581,-2.959221614252245,34.408653188207,-13.222102964557411,-0.7912087912087884,32.0
3.4450874959584326,-2.4124977987036873,34.29875649964679,-22.876336875186734,-1.1428571428571388,32.0
3.450056932051666,-1.6470978094509316,34.16688047337446,-32.11082148535382,-1.3772893772893724,32.0
3.4550845000194386,-1.035649790443149,34.013025109390114,-34.20956798766452,-1.5531135531135476,32.0
3.4600848299451172,-0.776545880360705,33.81521106998172,-38.82681029274806,-1.5531135531135476,32.0
3.4650845980504528,-0.745971292262118,33.57343835514929,-40.50580749459672,-1.2600732600732556,32.0
3.470055673038587,-0.6626025604788893,33.419582991164944,-40.92555679505886,-0.7912087912087884,32.0
3.47508533205837,-0.34498179090161935,33.199789614044526,-45.5427991001424,-0.5567765567765548,32.0
3.480067386990413,0.10607670486174248,32.958016899212,-46.38229770106668,-0.3223443223443212,32.0
3.4850968020036817,0.3953433568031858,32.73822352209158,-45.12304979968026,-0.146520146520146,32.0
3.4900570519967005,0.26597007611952583,32.43051279412288,-49.7402921047638,-0.2637362637362628,32.0
3.4950639370363206,-0.2577202529430081,32.29863676785066,-45.12304979968026,-0.3223443223443212,32.0
3.5000868330243975,-0.854900409441537,32.07884339073014,-43.4440525978317,-0.5567765567765548,32.0
3.5050828519742936,-1.114864239903792,31.859050013609732,-38.40706099228592,-0.73260073260073,32.0
3.510086343041621,-0.8412677489927811,31.661235974201343,-37.56756239136164,-0.9084249084249052,32.0
3.515082919038832,-0.17276381486613468,31.419463259368808,-36.30831448997522,-0.7912087912087884,32.0
3.520080061047338,0.5376761256153523,31.28758723309658,-35.46881588905094,-0.6153846153846132,32.0
3.5250569300260395,0.9957858561475424,31.089773193688192,-43.02430329736956,-0.2051282051282044,32.0
3.5300551969558,1.1808901270010908,30.891959154279697,-37.98731169182378,0.2051282051282044,32.0
3.5350822110194713,1.3152842664723903,30.672165777159286,-37.98731169182378,0.2051282051282044,32.0
3.540058569982648,1.642028882966219,30.518310413174937,-33.37006938674024,0.0879120879120876,32.0
3.5450911610387266,2.1923215164589602,30.38643438690271,-26.234331278883857,-0.0293040293040292,32.0
3.5500605589477345,2.7004579195761016,30.276537698342505,-16.160348067792494,0.0879120879120876,32.0
3.555087947053835,2.828254744493368,30.21059968520634,-9.444359260398151,0.2637362637362628,32.0
3.5600780149688944,2.4072564534582064,30.188620347494318,-4.827116955314611,0.439560439560438,32.0
3.5650563839590177,1.6113623477812784,30.21059968520634,7.3456127580874515,0.73260073260073,32.0
3.5700625410536304,0.8321268453542413,30.276537698342505,13.222102964557411,0.8498168498168468,32.0
3.5750581480097026,0.4282504810234984,30.36445504919069,19.518342471489515,0.73260073260073,32.0
3.5800566320540383,0.46602234672886533,30.474351737750897,21.617088973800215,0.6739926739926716,32.0
3.585060040000826,0.7141736582337468,30.60622776402312,25.814581978421614,0.5567765567765548,32.0
3.5900585380150005,0.8530522272468357,30.760083128007473,23.296086175648774,0.6739926739926716,32.0
3.595056458027102,0.7424288853137166,30.848000478855656,26.654080579345894,0.7912087912087884,32.0
3.6000592620112,0.5228890431864149,30.95789716741586,23.715835476110914,0.9670329670329636,32.0
3.6050589910009876,0.47678187599743177,31.04581451826405,18.678843870565235,0.8498168498168468,32.0
3.6100589729612693,0.761206000334626,31.133731869112232,14.481350865943833,0.73260073260073,32.0
3.6150591840269044,1.2386542915535896,31.22164921996042,11.543105762708851,0.6153846153846132,32.0
3.6200569620123133,1.5474011647514565,31.28758723309658,14.061601565481693,0.73260073260073,32.0
3.625071470043622,1.3628067748054051,31.375504583944767,10.703607161784571,0.7912087912087884,32.0
3.6300630690529943,0.6501692771500096,31.46342193479295,19.098593171027375,0.73260073260073,32.0
3.635059098014608,-0.3055698576478229,31.573318623353156,21.197339673338075,0.4981684981684964,32.0
3.640059033059515,-1.1000001641904293,31.705194649625383,27.913328480732517,0.2051282051282044,32.0
3.6450588370207697,-1.4940302812785493,31.79311200047357,24.135584776573054,-0.0879120879120876,32.0
3.65006233996246,-1.560671937610589,31.924988026745897,25.814581978421614,-0.3223443223443212,32.0
3.6550572250271216,-1.578979476296575,32.034884715306106,23.296086175648774,-0.3809523809523796,32.0
3.6600580509984866,-1.7718173399869466,32.122802066154286,13.222102964557411,-0.3809523809523796,32.0
3.665061597013846,-2.1040979326133327,32.16676074157833,6.506114157163171,-0.439560439560438,32.0
3.6700587880332023,-2.306314842734108,32.188740079290454,4.407367654852471,-0.5567765567765548,32.0
3.675058554043062,-2.1084597644136647,32.16676074157833,-6.9258634576253115,-0.8498168498168468,32.0
3.6800582349533215,-1.4875063660209094,32.14478140386631,-10.283857861322431,-0.9670329670329636,32.0
3.6850581959588453,-0.728863996590588,32.07884339073014,-16.160348067792494,-1.0842490842490804,32.0
3.690057098050602,-0.24177716905539165,31.99092603988196,-16.160348067792494,-1.025641025641022,32.0
3.695056968019344,-0.2691732944419835,31.903008689033776,-14.901100166406074,-0.9670329670329636,32.0
3.700060270028189,-0.7199164328084482,31.81509133818559,-18.259094570103194,-0.9670329670329636,32.0
3.7050578800262883,-1.2493946505252227,31.727173987337505,-10.703607161784571,-0.8498168498168468,32.0
3.7100586290471256,-1.529437171383476,31.68321531191336,-15.320849466868214,-0.9084249084249052,32.0
3.715058714034967,-1.4828271203426102,31.63925663648932,-13.222102964557411,-1.025641025641022,32.0
3.720057300059125,-1.3075943994859498,31.573318623353156,-9.864108560860291,-1.0842490842490804,32.0
3.7250589630566537,-1.2729799022633153,31.507380610216995,-15.740598767330354,-1.1428571428571388,32.0
3.7300569199724123,-1.4622755171491058,31.46342193479295,-14.481350865943934,-1.025641025641022,32.0
3.7350601949729025,-1.675971938566088,31.375504583944767,-14.061601565481794,-0.9084249084249052,32.0
3.740057312999852,-1.5781793611588,31.28758723309658,-19.938091771951754,-0.8498168498168468,32.0
3.745058382046409,-0.9732540127502489,31.177690544536375,-26.654080579345997,-0.7912087912087884,32.0
3.750059989048168,0.012688578943458649,31.023835180552027,-30.851573583967397,-0.5567765567765548,32.0
3.75505910103675,0.992982109797509,30.848000478855656,-35.0490665885888,-0.2637362637362628,32.0
3.7600575430551544,1.5859165939368791,30.650186439447264,-33.37006938674024,-0.2637362637362628,32.0
3.765056069009006,1.6732973295741922,30.496331075462916,-35.88856518951308,-0.146520146520146,32.0
3.770060410955921,1.456311820787634,30.36445504919069,-28.333077781194557,-0.0879120879120876,32.0
3.7750562409637496,1.2710166025718188,30.23257902291836,-26.654080579345997,-0.0293040293040292,32.0
3.780079970951192,1.3115398039037083,30.122682334358156,-13.222102964557411,-0.0293040293040292,32.0
3.785059459041804,1.486552407698184,30.100702996646135,-10.703607161784571,-0.0879120879120876,32.0
3.7900585080496967,1.526930100960513,30.078723658934113,-3.1481197534660503,-0.0293040293040292,32.0
3.7950556500582024,1.2392453529896263,30.100702996646135,4.827116955314611,0.0293040293040292,32.0
3.8001044240081683,0.7016367282436955,30.144661672070175,9.444359260398151,0.439560439560438,32.0
3.80505699000787,0.26285798052795123,30.21059968520634,12.802353664095271,0.4981684981684964,32.0
3.8100565649801865,0.24747047554470775,30.276537698342505,16.99984666871667,0.5567765567765548,32.0
3.8150744090089574,0.7471689702102211,30.36445504919069,18.259094570103095,0.3809523809523796,32.0
3.820058904006146,1.5052040581099253,30.452372400038875,18.678843870565235,0.3809523809523796,32.0
3.8250577059807256,2.1184226612856842,30.54028975088706,21.617088973800215,0.4981684981684964,32.0
3.8300609400030226,2.305402887974141,30.628207101735246,18.259094570103095,0.8498168498168468,32.0
3.8350668089697137,2.095790518968751,30.760083128007473,19.518342471489515,1.2014652014651972,32.0
3.8400642439955845,1.7647004726848632,30.93591782970384,29.592325682581077,1.3772893772893724,32.0
3.845074960961938,1.576766879422359,31.023835180552027,27.913328480732517,1.3772893772893724,32.0
3.850060062017292,1.5608732766925923,31.177690544536375,32.9503200862782,1.2014652014651972,32.0
3.855060053989291,1.4893299695912,31.353525246232643,32.53057078581606,1.025641025641022,32.0
3.860061325947754,1.0852225150341155,31.507380610216995,36.30831448997532,0.7912087912087884,32.0
3.8650868020486087,0.27813342003911745,31.705194649625383,38.826810292748156,0.439560439560438,32.0
3.870055463979952,-0.6714911639004116,32.034884715306106,45.96254840060454,0.4981684981684964,32.0
3.875059811049141,-1.3750524813822096,32.188740079290454,51.41928930661236,0.4981684981684964,32.0
3.8800591230392456,-1.5449697935895572,32.43051279412288,50.16004140522594,0.3809523809523796,32.0
3.8850586420157924,-1.2277563652888377,32.6503061712434,39.66630889367244,0.3809523809523796,32.0
3.890057343058288,-0.7512805746537092,32.848120210651786,36.30831448997532,0.2051282051282044,32.0
3.8950814709533006,-0.4736801589361302,33.0679135877722,26.654080579345894,-0.146520146520146,32.0
3.9000571039505303,-0.5270863471927696,33.15583093862038,22.876336875186635,-0.0293040293040292,32.0
3.9050587629899383,-0.7472009170214614,33.24374828946857,14.901100166405973,0.0293040293040292,32.0
3.9100575379561633,-0.8526689586110408,33.30968630260473,11.543105762708851,-0.146520146520146,32.0
3.915057330043055,-0.7085248398196198,33.353644978028775,9.864108560860291,-0.2051282051282044,32.0
3.9200575910508633,-0.4615458027999766,33.353644978028775,1.0493732511553502,-0.2051282051282044,32.0
3.9250576130580157,-0.43221083797433285,33.353644978028775,-4.827116955314611,-0.2051282051282044,32.0
3.9300556669477373,-0.847162099801709,33.33166564031676,-6.506114157163171,-0.146520146520146,32.0
3.9350575889693573,-1.6310113895066072,33.30968630260473,-2.7283704530039103,-0.146520146520146,32.0
3.9400601730449125,-2.425498328926598,33.30968630260473,-6.506114157163171,-0.3223443223443212,32.0
3.945075639989227,-2.8327839766853975,33.24374828946857,-7.3456127580874515,-0.6739926739926716,32.0
3.95008973905351,-2.68910854580383,33.22176895175655,-10.283857861322431,-0.8498168498168468,32.0
3.9550592829473317,-2.1746063974861563,33.133851600908365,-17.419595969178914,-1.025641025641022,32.0
3.960057807038538,-1.6314198042750936,33.001975574636035,-26.234331278883857,-1.025641025641022,32.0
3.9650597230065614,-1.3096109024433826,32.848120210651786,-36.72806379043736,-0.7912087912087884,32.0
3.970095069031231,-1.1775431162489693,32.58436815810723,-38.82681029274806,-0.8498168498168468,32.0
3.9750730940140784,-0.9878454077443184,32.45249213183491,-40.08605819413448,-0.8498168498168468,32.0
3.980059748981148,-0.5203612250223892,32.21071941700247,-48.06129490291524,-1.025641025641022,32.0
3.985089089954272,0.19866204588272657,31.968946702169937,-52.67853720799878,-1.1428571428571388,32.0
3.9900862249778584,0.858976854552036,31.705194649625383,-51.8390386070745,-1.025641025641022,32.0
3.9950596559792757,1.1146669482700478,31.485401272504973,-47.6415456024531,-0.4981684981684964,32.0
